al_#,Title,FY of ALN,Agency,Sub-agency,PON ID,PON
12.002,Procurement Technical Assistance For Business Firms,FY24,Department of Defense,Washington Headquarters Services (WHS),869,Improve Business Performance and Growth
12.002,Procurement Technical Assistance For Business Firms,FY24,Department of Defense,Washington Headquarters Services (WHS),868,Improve Business Practices and Resilience
12.003,Community Economic Adjustment Assistance for Responding to Threats to the Resilience of a Military Installation,FY24,Department of Defense,Office of Local Defense Community Cooperation,N50,Improve Military Equipment and Facilities
12.004,Fort Huachuca Sentinel Landscapes for Military Training,FY24,Department of Defense,Department of the Army,N29,Improve Forestry and Land Stewardship
12.004,Fort Huachuca Sentinel Landscapes for Military Training,FY24,Department of Defense,Department of the Army,N50,Improve Military Equipment and Facilities
12.005,Conservation and Rehabilitation of Natural Resources on Military Installations,FY24,Department of Defense,Department of the Army,N26,Improve Wildlife Population and Habitat Conservation
12.006,National Defense Education Program,FY24,Department of Defense,DEFENSE INTELLIGENCE AGENCY (DIA),195,Improve Persistence in STEM Education
12.006,National Defense Education Program,FY24,Department of Defense,DEFENSE INTELLIGENCE AGENCY (DIA),3ND,Strengthen Defense Academic Partnerships
12.007,Military Health Services Research (MHSR),FY24,Department of Defense,Defense Health Agency (DHA),876,Expand High-Quality Healthcare Services
12.007,Military Health Services Research (MHSR),FY24,Department of Defense,Defense Health Agency (DHA),103,Expand Basic and Applied Research
12.008,Dredged Material Containment Area,FY24,Department of Defense,Department of the Army,8Q,Reduce Environmental Hazards
12.01,Youth Conservation Services,FY24,Department of Defense,Department of the Army,N26,Improve Wildlife Population and Habitat Conservation
12.012,"Management of Undersirable Plants on Federal Lands, 7 U.S.C. 2814",FY24,Department of Defense,Department of the Army,N29,Improve Forestry and Land Stewardship
12.014,OnRampII,FY24,Department of Defense,NATIONAL SECURITY AGENCY (NSA),N20,Expand Access to STEM Learning Opportunities 
12.015,Past Conflict Accounting - Vietnam,FY24,Department of Defense,Washington Headquarters Services (WHS),138,Improve Peace and Conflict Resolution
12.016,Transportation - DASH 102X and WMATA 7M Shuttles,FY24,Department of Defense,Washington Headquarters Services (WHS),T35,Improve Transit Connectivity
12.017,Readiness and Environmental Protection Integration (REPI) Program,FY24,Department of Defense,Washington Headquarters Services (WHS),N29,Improve Forestry and Land Stewardship
12.017,Readiness and Environmental Protection Integration (REPI) Program,FY24,Department of Defense,Washington Headquarters Services (WHS),N26,Improve Wildlife Population and Habitat Conservation
12.019,Pacific Center Disaster (PDC) Program,FY24,Department of Defense,Washington Headquarters Services (WHS),4F,Improve Natural Hazard Forecasting
12.019,Pacific Center Disaster (PDC) Program,FY24,Department of Defense,Washington Headquarters Services (WHS),50,Improve Disaster Resilience and Risk Mitigation
12.02,STARBASE Program,FY24,Department of Defense,Department of the Army,196,Expand STEM Skills
12.02,STARBASE Program,FY24,Department of Defense,Department of the Army,2,Improve K12 Academic Skills
12.021,Army National Guard Army Compatible Use Buffer Program,FY24,Department of Defense,Department of the Army,N29,Improve Forestry and Land Stewardship
12.022,DoD Mentor-Protege Program,FY24,Department of Defense,Immediate Office of the Secretary of Defense,869,Improve Business Performance and Growth
12.022,DoD Mentor-Protege Program,FY24,Department of Defense,Immediate Office of the Secretary of Defense,868,Improve Business Practices and Resilience
12.024,Defense Security Cooperation University - Sponsored Research,FY24,Department of Defense,DEFENSE SECURITY COOPERATION AGENCY (DSCA),1ND,Advance Defense Research
12.024,Defense Security Cooperation University - Sponsored Research,FY24,Department of Defense,DEFENSE SECURITY COOPERATION AGENCY (DSCA),5ND,Strengthen Operational Readiness of Defense Personnel
12.025,Native American Consultation to Identify Sacred Sites and Traditional Cultural Properties,FY24,Department of Defense,Department of the Army,T97,Protect Cultural and Historical Sites and Artifacts
12.026,Corps Water Infrastructure Financing Program (CWIFP),FY24,Department of Defense,Department of the Army,50,Improve Disaster Resilience and Risk Mitigation
12.027,Defense Community Infrastructure Program,FY24,Department of Defense,Office of Local Defense Community Cooperation,N50,Improve Military Equipment and Facilities
12.029,Community Noise Mitigation Program,FY24,Department of Defense,Office of Local Defense Community Cooperation,N50,Improve Military Equipment and Facilities
12.113,State Memorandum of Agreement Program for the Reimbursement of Technical Services,FY24,Department of Defense,Department of the Army,8Q,Reduce Environmental Hazards
12.114,Collaborative Research and Development,FY24,Department of Defense,Department of the Army,36,Increase Commercialization of Innovations
12.116,Department of Defense Appropriation Act of 2003,FY24,Department of Defense,Department of the Army,N29,Improve Forestry and Land Stewardship
12.219,Ease 3.0,FY24,Department of Defense,N/A,617,Improve Protection of Political Rights
12.219,Ease 3.0,FY24,Department of Defense,N/A,143,Increase Exercising of Political Rights
12.225,Commercial Technologies for Maintenance Activities Program,FY24,Department of Defense,N/A,36,Increase Commercialization of Innovations
12.225,Commercial Technologies for Maintenance Activities Program,FY24,Department of Defense,N/A,868,Improve Business Practices and Resilience
12.3,Basic and Applied Scientific Research,FY24,Department of Defense,Department Of The Navy,1ND,Advance Defense Research
12.33,"Science, Technology, Engineering & Mathematics (STEM) Education, Outreach and Workforce Program",FY24,Department of Defense,Department Of The Navy,196,Expand STEM Skills
12.333,"Advanced Manufacturing Technology - Office of the Secretary of Defense (OSD), Manufacturing Technology (ManTech) Program",FY24,Department of Defense,Immediate Office of the Secretary of Defense,1ND,Advance Defense Research
12.333,"Advanced Manufacturing Technology - Office of the Secretary of Defense (OSD), Manufacturing Technology (ManTech) Program",FY24,Department of Defense,Immediate Office of the Secretary of Defense,868,Improve Business Practices and Resilience
12.335,"Navy  Command, Control, Communications, Computers, Intelligence, Surveillance, and Reconnaissance ",FY24,Department of Defense,Department Of The Navy,1ND,Advance Defense Research
12.335,"Navy  Command, Control, Communications, Computers, Intelligence, Surveillance, and Reconnaissance ",FY24,Department of Defense,Department Of The Navy,102,Increase Professional Development and Training of Individual Researchers
12.34,Naval Medical Research and Development,FY24,Department of Defense,Department Of The Navy,15L,Advance Medical Research
12.35,Department of Defense HIV/AIDS Prevention Program,FY24,Department of Defense,Department of the Army,3IA,Improve Humanitarian Aid Delivery
12.35,Department of Defense HIV/AIDS Prevention Program,FY24,Department of Defense,Department of the Army,622,Prevent Infectious Disease
12.351,Scientific Research - Combating Weapons of Mass Destruction,FY24,Department of Defense,Defense Threat Reduction Agency (DTRA),1ND,Advance Defense Research
12.355,Pest Management and Vector Control Research,FY24,Department of Defense,Department of the Army,15L,Advance Medical Research
12.355,Pest Management and Vector Control Research,FY24,Department of Defense,Department of the Army,622,Prevent Infectious Disease
12.357,ROTC Language and Culture Training Grants,FY24,Department of Defense,DEFENSE HUMAN RESOURCES ACTIVITY,5ND,Strengthen Operational Readiness of Defense Personnel
12.357,ROTC Language and Culture Training Grants,FY24,Department of Defense,DEFENSE HUMAN RESOURCES ACTIVITY,8IA,Facilitate International Student Exchange
12.36,Research on Chemical and Biological Defense,FY24,Department of Defense,Department of the Army,15L,Advance Medical Research
12.36,Research on Chemical and Biological Defense,FY24,Department of Defense,Department of the Army,1ND,Advance Defense Research
12.369,Marine Corps Systems Command Federal Assistance Program,FY24,Department of Defense,Department Of The Navy,897,Reduce Abuse of Controlled Substances
12.4,"Military Construction, National Guard",FY24,Department of Defense,Department of the Army,N50,Improve Military Equipment and Facilities
12.401,National Guard Military Operations and Maintenance (O&M) Projects,FY24,Department of Defense,Department of the Army,N50,Improve Military Equipment and Facilities
12.404,National Guard ChalleNGe Program,FY24,Department of Defense,Department of the Army,829,Improve General Employability and Soft Skills
12.404,National Guard ChalleNGe Program,FY24,Department of Defense,Department of the Army,826,Increase Job Attainment
12.42,Military Medical Research and Development,FY24,Department of Defense,Department of the Army,15L,Advance Medical Research
12.42,Military Medical Research and Development,FY24,Department of Defense,Department of the Army,125,Expand National Public Health Capacity
12.431,Basic Scientific Research,FY24,Department of Defense,Department of the Army,1ND,Advance Defense Research
12.44,Dissertation Year Fellowship,FY24,Department of Defense,Department of the Army,1ND,Advance Defense Research
12.46,Fisher House Foundation,FY24,Department of Defense,Department of the Army,832,Increase Temporary Housing
12.501,Training and Support – Combating Weapons of Mass Destruction,FY24,Department of Defense,Defense Threat Reduction Agency (DTRA),5ND,Strengthen Operational Readiness of Defense Personnel
12.501,Training and Support – Combating Weapons of Mass Destruction,FY24,Department of Defense,Defense Threat Reduction Agency (DTRA),7ND,Strengthen Operational Readiness of Defense Units
12.55,The Language Flagship Grants to Institutions of Higher Education,FY24,Department of Defense,DEFENSE HUMAN RESOURCES ACTIVITY,8IA,Facilitate International Student Exchange
12.551,National Security Education Program David L. Boren Scholarships,FY24,Department of Defense,DEFENSE HUMAN RESOURCES ACTIVITY,8IA,Facilitate International Student Exchange
12.551,National Security Education Program David L. Boren Scholarships,FY24,Department of Defense,DEFENSE HUMAN RESOURCES ACTIVITY,5ND,Strengthen Operational Readiness of Defense Personnel
12.552,National Security Education Program David L. Boren Fellowships,FY24,Department of Defense,DEFENSE HUMAN RESOURCES ACTIVITY,8IA,Facilitate International Student Exchange
12.552,National Security Education Program David L. Boren Fellowships,FY24,Department of Defense,DEFENSE HUMAN RESOURCES ACTIVITY,5ND,Strengthen Operational Readiness of Defense Personnel
12.554,English for Heritage Language Speakers Grants to U.S. Institutions of Higher Education,FY24,Department of Defense,DEFENSE HUMAN RESOURCES ACTIVITY,8IA,Facilitate International Student Exchange
12.556,Competitive Grants: Promoting K-12 Student Achievement at Military-Connected Schools,FY24,Department of Defense,N/A,96,Improve K12 Academic Performance
12.556,Competitive Grants: Promoting K-12 Student Achievement at Military-Connected Schools,FY24,Department of Defense,N/A,N21,Improve STEM Education
12.556,Competitive Grants: Promoting K-12 Student Achievement at Military-Connected Schools,FY24,Department of Defense,N/A,57,Improve Quality of Teachers
12.558,"Department of Defense Impact Aid (Supplement, CWSD, BRAC)",FY24,Department of Defense,Department of Defense Education Activity (DODEA),96,Improve K12 Academic Performance
12.56,"DOD, NDEP, DOTC-STEM Education Outreach Implementation",FY24,Department of Defense,Immediate Office of the Secretary of Defense,N21,Improve STEM Education
12.56,"DOD, NDEP, DOTC-STEM Education Outreach Implementation",FY24,Department of Defense,Immediate Office of the Secretary of Defense,N20,Expand Access to STEM Learning Opportunities 
12.579,Language Training Center,FY24,Department of Defense,DEFENSE HUMAN RESOURCES ACTIVITY,5ND,Strengthen Operational Readiness of Defense Personnel
12.579,Language Training Center,FY24,Department of Defense,DEFENSE HUMAN RESOURCES ACTIVITY,8IA,Facilitate International Student Exchange
12.599,Congressionally Directed Assistance,FY24,Department of Defense,Washington Headquarters Services (WHS),N50,Improve Military Equipment and Facilities
12.6,Community Investment,FY24,Department of Defense,Office of Local Defense Community Cooperation,117,Increase Local Economic Growth
12.604,Community Economic Adjustment Assistance for Reductions in Defense Spending,FY24,Department of Defense,Office of Local Defense Community Cooperation,117,Increase Local Economic Growth
12.607,Community Economic Adjustment Assistance for Realignment or Closure of a Military Installation,FY24,Department of Defense,Office of Local Defense Community Cooperation,117,Increase Local Economic Growth
12.61,Community Economic Adjustment Assistance for Compatible Use and Joint Land Use Studies,FY24,Department of Defense,Office of Local Defense Community Cooperation,N50,Improve Military Equipment and Facilities
12.611,Community Economic Adjustment Assistance for Reductions in Defense Industry Employment,FY24,Department of Defense,Office of Local Defense Community Cooperation,117,Increase Local Economic Growth
12.611,Community Economic Adjustment Assistance for Reductions in Defense Industry Employment,FY24,Department of Defense,Office of Local Defense Community Cooperation,826,Increase Job Attainment
12.614,Community Economic Adjustment Assistance for Advance Planning and Economic Diversification,FY24,Department of Defense,Office of Local Defense Community Cooperation,117,Increase Local Economic Growth
12.614,Community Economic Adjustment Assistance for Advance Planning and Economic Diversification,FY24,Department of Defense,Office of Local Defense Community Cooperation,868,Improve Business Practices and Resilience
12.615,Research and Technical Assistance,FY24,Department of Defense,Office of Local Defense Community Cooperation,T124,"Improve Foundational Research in Social, Behavioral and Economic Sciences"
12.617,Economic Adjustment Assistance for State Governments,FY24,Department of Defense,Office of Local Defense Community Cooperation,117,Increase Local Economic Growth
12.617,Economic Adjustment Assistance for State Governments,FY24,Department of Defense,Office of Local Defense Community Cooperation,868,Improve Business Practices and Resilience
12.618,Community Economic Adjustment Assistance for Establishment or Expansion of a Military Installation,FY24,Department of Defense,Office of Local Defense Community Cooperation,117,Increase Local Economic Growth
12.618,Community Economic Adjustment Assistance for Establishment or Expansion of a Military Installation,FY24,Department of Defense,Office of Local Defense Community Cooperation,5ND,Strengthen Operational Readiness of Defense Personnel
12.62,Troops to Teachers Grant Program,FY24,Department of Defense,N/A,57,Improve Quality of Teachers
12.63,"Basic, Applied, and Advanced Research in Science and Engineering",FY24,Department of Defense,Washington Headquarters Services (WHS),1ND,Advance Defense Research
12.63,"Basic, Applied, and Advanced Research in Science and Engineering",FY24,Department of Defense,Washington Headquarters Services (WHS),36,Increase Commercialization of Innovations
12.63,"Basic, Applied, and Advanced Research in Science and Engineering",FY24,Department of Defense,Washington Headquarters Services (WHS),102,Increase Professional Development and Training of Individual Researchers
12.631,"Science, Technology, Engineering and Mathematics (STEM) Educational Program: Science, Mathematics And Research for Transformation (SMART)",FY24,Department of Defense,DEFENSE INTELLIGENCE AGENCY (DIA),195,Improve Persistence in STEM Education
12.631,"Science, Technology, Engineering and Mathematics (STEM) Educational Program: Science, Mathematics And Research for Transformation (SMART)",FY24,Department of Defense,DEFENSE INTELLIGENCE AGENCY (DIA),912,Improve Financial Support for Post-Secondary Education
12.631,"Science, Technology, Engineering and Mathematics (STEM) Educational Program: Science, Mathematics And Research for Transformation (SMART)",FY24,Department of Defense,DEFENSE INTELLIGENCE AGENCY (DIA),N19,Increase STEM Job Attainment
12.632,Legacy Resource Management Program,FY24,Department of Defense,Immediate Office of the Secretary of Defense,N27,Increase Sustainable Management of Natural Resources
12.632,Legacy Resource Management Program,FY24,Department of Defense,Immediate Office of the Secretary of Defense,N29,Improve Forestry and Land Stewardship
12.632,Legacy Resource Management Program,FY24,Department of Defense,Immediate Office of the Secretary of Defense,N50,Improve Military Equipment and Facilities
12.74,Past Conflict Accounting,FY24,Department of Defense,DEFENSE POW-MIA ACCOUNTING AGENCY (DPAA),18P,Increase resolution or closure of cold cases
12.75,Uniformed Services University Medical Research Projects,FY24,Department of Defense,Uniformed Services University of the Health Sciences,15L,Advance Medical Research
12.75,Uniformed Services University Medical Research Projects,FY24,Department of Defense,Uniformed Services University of the Health Sciences,N18,Increase STEM Career Advancement
12.777,Defense Production Act Title III (DPA Title III),FY24,Department of Defense,Department of the Air Force,N50,Improve Military Equipment and Facilities
12.8,Air Force Defense Research Sciences Program,FY24,Department of Defense,Department of the Air Force,1ND,Advance Defense Research
12.8,Air Force Defense Research Sciences Program,FY24,Department of Defense,Department of the Air Force,3ND,Strengthen Defense Academic Partnerships
12.801,Air Force Academy Athletic Programs,FY24,Department of Defense,Department of the Air Force,T69,Increase Access to Recreational Trails and Outdoor Areas
12.81,Air Force Medical Research and Development,FY24,Department of Defense,Department of the Air Force,15L,Advance Medical Research
12.81,Air Force Medical Research and Development,FY24,Department of Defense,Department of the Air Force,876,Expand High-Quality Healthcare Services
12.84,Civil Air Patrol Program,FY24,Department of Defense,Department of the Air Force,5ND,Strengthen Operational Readiness of Defense Personnel
12.84,Civil Air Patrol Program,FY24,Department of Defense,Department of the Air Force,827,Improve Job-Specific Skills
12.9,Language Grant Program,FY24,Department of Defense,NATIONAL SECURITY AGENCY (NSA),910,Improve Preparation for Post-Secondary Education
12.9,Language Grant Program,FY24,Department of Defense,NATIONAL SECURITY AGENCY (NSA),57,Improve Quality of Teachers
12.901,Mathematical Sciences Grants,FY24,Department of Defense,NATIONAL SECURITY AGENCY (NSA),N20,Expand Access to STEM Learning Opportunities 
12.901,Mathematical Sciences Grants,FY24,Department of Defense,NATIONAL SECURITY AGENCY (NSA),195,Improve Persistence in STEM Education
12.902,Information Security Grants,FY24,Department of Defense,NATIONAL SECURITY AGENCY (NSA),912,Improve Financial Support for Post-Secondary Education
12.902,Information Security Grants,FY24,Department of Defense,NATIONAL SECURITY AGENCY (NSA),195,Improve Persistence in STEM Education
12.903,GenCyber Grants Program,FY24,Department of Defense,NATIONAL SECURITY AGENCY (NSA),196,Expand STEM Skills
12.903,GenCyber Grants Program,FY24,Department of Defense,NATIONAL SECURITY AGENCY (NSA),57,Improve Quality of Teachers
12.903,GenCyber Grants Program,FY24,Department of Defense,NATIONAL SECURITY AGENCY (NSA),909,Expand Education About Post-Secondary Education Options
12.905,CyberSecurity Core Curriculum,FY24,Department of Defense,NATIONAL SECURITY AGENCY (NSA),N21,Improve STEM Education
12.905,CyberSecurity Core Curriculum,FY24,Department of Defense,NATIONAL SECURITY AGENCY (NSA),195,Improve Persistence in STEM Education
12.91,Research and Technology Development,FY24,Department of Defense,Defense Advanced Research Projects Agency  (DARPA),1ND,Advance Defense Research
12.987,Upper San Pedro Partnership Support,FY24,Department of Defense,Department of the Army,N27,Increase Sustainable Management of Natural Resources
16.001,Law Enforcement Assistance Narcotics and Dangerous Drugs Laboratory Analysis,FY24,Department of Justice,Drug Enforcement Administration,12P,Improve Investigatory Capacity of Criminal Activity
16.003,Law Enforcement Assistance Narcotics and Dangerous Drugs Technical Laboratory Publications,FY24,Department of Justice,Drug Enforcement Administration,T52,Improve Data Infrastructure and Accessibility
16.004,Law Enforcement Assistance Narcotics and Dangerous Drugs Training,FY24,Department of Justice,Drug Enforcement Administration,827,Improve Job-Specific Skills
16.015,Missing Alzheimer's Disease Patient Assistance Program,FY24,Department of Justice,Office of Justice Programs,11,Increase Support Services for Individuals with Disabilities
16.015,Missing Alzheimer's Disease Patient Assistance Program,FY24,Department of Justice,Office of Justice Programs,159,Reduce Criminal Activity
16.016,Culturally and Linguistically Specific Services Program,FY24,Department of Justice,Boards and Divisions Offices,202,"Improve Well-Being, Independence, and Financial Empowerment for Survivors of Domestic Violence"
16.017,Sexual Assault Services Formula Program ,FY24,Department of Justice,Boards and Divisions Offices,N37,Improve Victim Support Services
16.019,Tribal Registry,FY24,Department of Justice,Boards and Divisions Offices,T55,Increase Tribal Self-Governance and Decision-Making Authority
16.021,Justice Systems Response to Families,FY24,Department of Justice,Boards and Divisions Offices,N37,Improve Victim Support Services
16.023,Sexual Assault Services Culturally Specific Program,FY24,Department of Justice,Boards and Divisions Offices,N37,Improve Victim Support Services
16.024,Tribal Sexual Assault Services Program,FY24,Department of Justice,Boards and Divisions Offices,21P,Improve Sexual Assault Response on Tribal Lands
16.024,Tribal Sexual Assault Services Program,FY24,Department of Justice,Boards and Divisions Offices,N37,Improve Victim Support Services
16.025,Special Domestic Violence Criminal Jurisdiction Implementation,FY24,Department of Justice,Boards and Divisions Offices,T55,Increase Tribal Self-Governance and Decision-Making Authority
16.025,Special Domestic Violence Criminal Jurisdiction Implementation,FY24,Department of Justice,Boards and Divisions Offices,21P,Improve Sexual Assault Response on Tribal Lands
16.026,OVW Research and Evaluation Program,FY24,Department of Justice,Boards and Divisions Offices,103,Expand Basic and Applied Research
16.027,National Clearinghouse on Sexual Assault of American Indian and Alaska Native Women,FY24,Department of Justice,Boards and Divisions Offices,N37,Improve Victim Support Services
16.028,"Resource Center on Workplace Response to Domestic Violence, Dating Violence, Sexual Assault, and Stalking",FY24,Department of Justice,Boards and Divisions Offices,N37,Improve Victim Support Services
16.029,Office on Violence Against Women Special Projects,FY24,Department of Justice,Boards and Divisions Offices,N37,Improve Victim Support Services
16.03,National Center on Restorative Justice,FY24,Department of Justice,Office of Justice Programs,N36,Increase Law Enforcement Operational Capacity
16.031,Emmett Till Cold Case Investigations Program,FY24,Department of Justice,Office of Justice Programs,18P,Increase resolution or closure of cold cases
16.031,Emmett Till Cold Case Investigations Program,FY24,Department of Justice,Office of Justice Programs,159,Reduce Criminal Activity
16.032,Academic-based Drug Field Testing and Training Initiative,FY24,Department of Justice,Office of Justice Programs,N36,Increase Law Enforcement Operational Capacity
16.034,Coronavirus Emergency Supplemental Funding Program,FY24,Department of Justice,Office of Justice Programs,N36,Increase Law Enforcement Operational Capacity
16.035,Preventing Trafficking of Girls,FY24,Department of Justice,Office of Justice Programs,N40,Prevent and Respond to Human Trafficking and Exploitation
16.036,Comprehensive Forensic DNA Analysis Grant Program,FY24,Department of Justice,Office of Justice Programs,12P,Improve Investigatory Capacity of Criminal Activity
16.037,Strengthening the Medical Examiner - Coroner System,FY24,Department of Justice,Office of Justice Programs,827,Improve Job-Specific Skills
16.038,National Decertification Index,FY24,Department of Justice,Office of Justice Programs,N35,Improve Interagency Coordination and Information Sharing
16.039,Rural Violent Crime Initiative,FY24,Department of Justice,Office of Justice Programs,T87,Improve Crime Reporting Infrastructure
16.039,Rural Violent Crime Initiative,FY24,Department of Justice,Office of Justice Programs,159,Reduce Criminal Activity
16.04,"Matthew Shepard and James Byrd, Jr. Hate Crimes Education, Investigation and Prosecution Program",FY24,Department of Justice,Office of Justice Programs,12P,Improve Investigatory Capacity of Criminal Activity
16.041,National Ashanti Alert Network Training and Technical Assistance Program,FY24,Department of Justice,N/A,T87,Improve Crime Reporting Infrastructure
16.042,Security Assistance Reimbursement Grant Program,FY24,Department of Justice,Office of Justice Programs,N36,Increase Law Enforcement Operational Capacity
16.043,Veterans Treatment Court Discretionary Grant Program,FY24,Department of Justice,Office of Justice Programs,160,Reduce Recidivism
16.043,Veterans Treatment Court Discretionary Grant Program,FY24,Department of Justice,Office of Justice Programs,897,Reduce Abuse of Controlled Substances
16.043,Veterans Treatment Court Discretionary Grant Program,FY24,Department of Justice,Office of Justice Programs,897,Reduce Abuse of Controlled Substances
16.044,Forensics Training and Technical Assistance Program,FY24,Department of Justice,Office of Justice Programs,901,Increase Utilization of Mental and Behavioral Health Services
16.045,Community-Based Violence Intervention and Prevention Initiative,FY24,Department of Justice,Office of Justice Programs,159,Reduce Criminal Activity
16.046,Drug Data Research Center to Combat the Opioid Crisis,FY24,Department of Justice,Office of Justice Programs,T52,Improve Data Infrastructure and Accessibility
16.046,Drug Data Research Center to Combat the Opioid Crisis,FY24,Department of Justice,Office of Justice Programs,103,Expand Basic and Applied Research
16.047,Community-Based Approaches to Advancing Justice,FY24,Department of Justice,Office of Justice Programs,T87,Improve Crime Reporting Infrastructure
16.047,Community-Based Approaches to Advancing Justice,FY24,Department of Justice,Office of Justice Programs,159,Reduce Criminal Activity
16.048,Khalid Jabara and Heather Heyer NO HATE Act,FY24,Department of Justice,Office of Justice Programs,T87,Improve Crime Reporting Infrastructure
16.049,Supporting Vulnerable and At-Risk Youth Transitioning out of Foster Care,FY24,Department of Justice,N/A,145,Improve Prevention of Child Abuse and Neglect
16.049,Supporting Vulnerable and At-Risk Youth Transitioning out of Foster Care,FY24,Department of Justice,N/A,159,Reduce Criminal Activity
16.049,Supporting Vulnerable and At-Risk Youth Transitioning out of Foster Care,FY24,Department of Justice,N/A,833,Increase Long-Term Housing
16.05,Missing and Unidentified Human Remains (MUHR) Program,FY24,Department of Justice,N/A,12P,Improve Investigatory Capacity of Criminal Activity
16.051,Crime Gun Intelligence Training and Education,FY24,Department of Justice,Office of Justice Programs,12P,Improve Investigatory Capacity of Criminal Activity
16.051,Crime Gun Intelligence Training and Education,FY24,Department of Justice,Office of Justice Programs,827,Improve Job-Specific Skills
16.052,"Restorative Practices to Address Domestic Violence, Dating Violence, Sexual Assault, and Stalking",FY24,Department of Justice,Boards and Divisions Offices,N36,Increase Law Enforcement Operational Capacity
16.052,"Restorative Practices to Address Domestic Violence, Dating Violence, Sexual Assault, and Stalking",FY24,Department of Justice,Boards and Divisions Offices,N37,Improve Victim Support Services
16.053,Sexual Assault Forensic Examinations,FY24,Department of Justice,Office of Justice Programs,93,Increase Identification and Referral of Domestic Violence Survivors
16.053,Sexual Assault Forensic Examinations,FY24,Department of Justice,Office of Justice Programs,827,Improve Job-Specific Skills
16.054,Virtual Reality De-escalation Training,FY24,Department of Justice,Office of Justice Programs,N36,Increase Law Enforcement Operational Capacity
16.055,Tribal Special Assistant United States Attorneys,FY24,Department of Justice,Boards and Divisions Offices,T55,Increase Tribal Self-Governance and Decision-Making Authority
16.056,National Deaf Services Line,FY24,Department of Justice,Boards and Divisions Offices,N37,Improve Victim Support Services
16.056,National Deaf Services Line,FY24,Department of Justice,Boards and Divisions Offices,11,Increase Support Services for Individuals with Disabilities
16.057,OVW LGBT Specific Services Program,FY24,Department of Justice,Boards and Divisions Offices,N37,Improve Victim Support Services
16.058,"Demonstration Program on Trauma-Informed, Victim Centered Training for Law Enforcement",FY24,Department of Justice,Boards and Divisions Offices,17P,Increase Capacity to Respond to Sexual Assault
16.058,"Demonstration Program on Trauma-Informed, Victim Centered Training for Law Enforcement",FY24,Department of Justice,Boards and Divisions Offices,N37,Improve Victim Support Services
16.059,Tribal Special Criminal Jurisdiction Reimbursement,FY24,Department of Justice,Boards and Divisions Offices,T55,Increase Tribal Self-Governance and Decision-Making Authority
16.06,Local Law Enforcement Grants for Enforcement of Cybercrimes,FY24,Department of Justice,Boards and Divisions Offices,159,Reduce Criminal Activity
16.06,Local Law Enforcement Grants for Enforcement of Cybercrimes,FY24,Department of Justice,Boards and Divisions Offices,2P,Improve Cyber Incident Detection
16.06,Local Law Enforcement Grants for Enforcement of Cybercrimes,FY24,Department of Justice,Boards and Divisions Offices,3P,Improve Cyber Incident Response
16.061,National Resource Center on Cybercrimes Against Individuals,FY24,Department of Justice,Boards and Divisions Offices,N45,Increase Cybersecurity Awareness and Information Sharing
16.062,Grants to State and Tribal Courts to Implement Protection Order Pilot Programs,FY24,Department of Justice,Boards and Divisions Offices,N37,Improve Victim Support Services
16.062,Grants to State and Tribal Courts to Implement Protection Order Pilot Programs,FY24,Department of Justice,Boards and Divisions Offices,T55,Increase Tribal Self-Governance and Decision-Making Authority
16.063,"Financial Assistance to Victims of Domestic Violence, Dating Violence, Sexual Assault, and Stalking",FY24,Department of Justice,Boards and Divisions Offices,202,"Improve Well-Being, Independence, and Financial Empowerment for Survivors of Domestic Violence"
16.063,"Financial Assistance to Victims of Domestic Violence, Dating Violence, Sexual Assault, and Stalking",FY24,Department of Justice,Boards and Divisions Offices,129,Improve Program Evaluation
16.064,Sexual Assault Forensic Exam Training and Services,FY24,Department of Justice,Boards and Divisions Offices,17P,Increase Capacity to Respond to Sexual Assault
16.064,Sexual Assault Forensic Exam Training and Services,FY24,Department of Justice,Boards and Divisions Offices,827,Improve Job-Specific Skills
16.065,Training to Improve Police-Based Responses to the People with Mental Illness,FY24,Department of Justice,Office of Justice Programs,N36,Increase Law Enforcement Operational Capacity
16.066,Officer Robert Wilson III Preventing Violence Against Law Enforcement Officers and Ensuring Officer Resilience and Survivability (VALOR),FY24,Department of Justice,N/A,N36,Increase Law Enforcement Operational Capacity
16.067,Family-Based Alternative Justice Program,FY24,Department of Justice,N/A,145,Improve Prevention of Child Abuse and Neglect
16.067,Family-Based Alternative Justice Program,FY24,Department of Justice,N/A,159,Reduce Criminal Activity
16.123,Community-Based Violence Prevention Program,FY24,Department of Justice,Office of Justice Programs,159,Reduce Criminal Activity
16.3,Law Enforcement Assistance FBI Advanced Police Training,FY24,Department of Justice,Federal Bureau of Investigation,827,Improve Job-Specific Skills
16.301,Law Enforcement Assistance FBI Crime Laboratory Support,FY24,Department of Justice,Federal Bureau of Investigation,12P,Improve Investigatory Capacity of Criminal Activity
16.301,Law Enforcement Assistance FBI Crime Laboratory Support,FY24,Department of Justice,Federal Bureau of Investigation,T52,Improve Data Infrastructure and Accessibility
16.302,Law Enforcement Assistance FBI Field Police Training,FY24,Department of Justice,Federal Bureau of Investigation,N36,Increase Law Enforcement Operational Capacity
16.302,Law Enforcement Assistance FBI Field Police Training,FY24,Department of Justice,Federal Bureau of Investigation,827,Improve Job-Specific Skills
16.303,Law Enforcement Assistance FBI Fingerprint Identification,FY24,Department of Justice,Federal Bureau of Investigation,T52,Improve Data Infrastructure and Accessibility
16.304,Law Enforcement Assistance National Crime Information Center,FY24,Department of Justice,Federal Bureau of Investigation,12P,Improve Investigatory Capacity of Criminal Activity
16.305,Law Enforcement Assistance Uniform Crime Reports,FY24,Department of Justice,Federal Bureau of Investigation,12P,Improve Investigatory Capacity of Criminal Activity
16.307,Combined DNA Index System,FY24,Department of Justice,Federal Bureau of Investigation,12P,Improve Investigatory Capacity of Criminal Activity
16.307,Combined DNA Index System,FY24,Department of Justice,Federal Bureau of Investigation,127,Improve or Maintain Quality of Programs
16.308,Indian Country Investigations,FY24,Department of Justice,Federal Bureau of Investigation,T55,Increase Tribal Self-Governance and Decision-Making Authority
16.308,Indian Country Investigations,FY24,Department of Justice,Federal Bureau of Investigation,12P,Improve Investigatory Capacity of Criminal Activity
16.309,Law Enforcement Assistance National Instant Criminal Background Check System,FY24,Department of Justice,Federal Bureau of Investigation,T87,Improve Crime Reporting Infrastructure
16.32,Services for Trafficking Victims,FY24,Department of Justice,Office of Justice Programs,N40,Prevent and Respond to Human Trafficking and Exploitation
16.321,Antiterrorism Emergency Reserve,FY24,Department of Justice,Office of Justice Programs,59,Improve Emergency Disaster Relief
16.321,Antiterrorism Emergency Reserve,FY24,Department of Justice,Office of Justice Programs,861,Increase Current Personal Financial Stability
16.524,Legal Assistance for Victims,FY24,Department of Justice,Boards and Divisions Offices,17P,Increase Capacity to Respond to Sexual Assault
16.524,Legal Assistance for Victims,FY24,Department of Justice,Boards and Divisions Offices,10,Increase Access to Quality Legal Services
16.525,"Grants to Reduce Domestic Violence, Dating Violence, Sexual Assault, and Stalking on Campus",FY24,Department of Justice,Boards and Divisions Offices,N37,Improve Victim Support Services
16.525,"Grants to Reduce Domestic Violence, Dating Violence, Sexual Assault, and Stalking on Campus",FY24,Department of Justice,Boards and Divisions Offices,87,Improve Knowledge of Domestic Violence and Healthy Relationship Skills
16.526,OVW Technical Assistance Initiative,FY24,Department of Justice,Boards and Divisions Offices,N35,Improve Interagency Coordination and Information Sharing
16.526,OVW Technical Assistance Initiative,FY24,Department of Justice,Boards and Divisions Offices,N36,Increase Law Enforcement Operational Capacity
16.526,OVW Technical Assistance Initiative,FY24,Department of Justice,Boards and Divisions Offices,N37,Improve Victim Support Services
16.528,Enhanced Training and Services to End Violence and Abuse of Women Later in Life,FY24,Department of Justice,Boards and Divisions Offices,N37,Improve Victim Support Services
16.529,"Education, Training, and Enhanced Services to End Violence Against and Abuse of Women with Disabilities ",FY24,Department of Justice,Boards and Divisions Offices,N37,Improve Victim Support Services
16.54,Juvenile Justice and Delinquency Prevention,FY24,Department of Justice,Office of Justice Programs,912,Improve Financial Support for Post-Secondary Education
16.543,Missing Children's Assistance,FY24,Department of Justice,Office of Justice Programs,N36,Increase Law Enforcement Operational Capacity
16.543,Missing Children's Assistance,FY24,Department of Justice,Office of Justice Programs,T87,Improve Crime Reporting Infrastructure
16.548,Delinquency Prevention Program,FY24,Department of Justice,Office of Justice Programs,856,Improve Responsible Decision-Making Skills for Youth
16.55,State Justice Statistics Program for Statistical Analysis Centers,FY24,Department of Justice,Office of Justice Programs,T52,Improve Data Infrastructure and Accessibility
16.554,National Criminal History Improvement Program (NCHIP),FY24,Department of Justice,Office of Justice Programs,T52,Improve Data Infrastructure and Accessibility
16.556,State Domestic Violence and Sexual Assault Coalitions,FY24,Department of Justice,Boards and Divisions Offices,N35,Improve Interagency Coordination and Information Sharing
16.557,Tribal Domestic Violence and Sexual Assault Coalitions Grant Program,FY24,Department of Justice,Boards and Divisions Offices,T55,Increase Tribal Self-Governance and Decision-Making Authority
16.557,Tribal Domestic Violence and Sexual Assault Coalitions Grant Program,FY24,Department of Justice,Boards and Divisions Offices,21P,Improve Sexual Assault Response on Tribal Lands
16.56,"National Institute of Justice Research, Evaluation, and Development Project Grants",FY24,Department of Justice,Office of Justice Programs,103,Expand Basic and Applied Research
16.56,"National Institute of Justice Research, Evaluation, and Development Project Grants",FY24,Department of Justice,Office of Justice Programs,102,Professional Development and Training of Individual Researchers
16.571,Public Safety Officers' Benefits Program,FY24,Department of Justice,Office of Justice Programs,T96,Increase Support for Families of Victims of Traumatic Loss
16.575,Crime Victim Assistance,FY24,Department of Justice,Office of Justice Programs,N37,Improve Victim Support Services
16.576,Crime Victim Compensation,FY24,Department of Justice,Office of Justice Programs,N37,Improve Victim Support Services
16.578,Public Benefit Conveyance Program,FY24,Department of Justice,Office of Justice Programs,N10,Reduce the Inventory of Federal Unneeded Property
16.582,Crime Victim Assistance/Discretionary Grants,FY24,Department of Justice,Office of Justice Programs,N37,Improve Victim Support Services
16.582,Crime Victim Assistance/Discretionary Grants,FY24,Department of Justice,Office of Justice Programs,827,Improve Job-Specific Skills
16.583,Children's Justice Act Partnerships for Indian Communities,FY24,Department of Justice,Office of Justice Programs,T55,Increase Tribal Self-Governance and Decision-Making Authority
16.583,Children's Justice Act Partnerships for Indian Communities,FY24,Department of Justice,Office of Justice Programs,157,Reduce Recurrence of Child Abuse and Neglect
16.585,Treatment Court Discretionary Grant Program,FY24,Department of Justice,Office of Justice Programs,160,Reduce Recidivism
16.585,Treatment Court Discretionary Grant Program,FY24,Department of Justice,Office of Justice Programs,897,Reduce Abuse of Controlled Substances
16.587,Violence Against Women Discretionary Grants for Indian Tribal Governments,FY24,Department of Justice,Boards and Divisions Offices,T55,Increase Tribal Self-Governance and Decision-Making Authority
16.587,Violence Against Women Discretionary Grants for Indian Tribal Governments,FY24,Department of Justice,Boards and Divisions Offices,21P,Improve Sexual Assault Response on Tribal Lands
16.588,Violence Against Women Formula Grants,FY24,Department of Justice,Boards and Divisions Offices,N37,Improve Victim Support Services
16.588,Violence Against Women Formula Grants,FY24,Department of Justice,Boards and Divisions Offices,21P,Improve Sexual Assault Response on Tribal Lands
16.588,Violence Against Women Formula Grants,FY24,Department of Justice,Boards and Divisions Offices,17P,Improve Prosecutorial Capacity of Criminal Activity
16.589,"Rural Domestic Violence, Dating Violence, Sexual Assault, and Stalking Assistance Program",FY24,Department of Justice,Boards and Divisions Offices,N37,Improve Victim Support Services
16.589,"Rural Domestic Violence, Dating Violence, Sexual Assault, and Stalking Assistance Program",FY24,Department of Justice,Boards and Divisions Offices,N35,Improve Interagency Coordination and Information Sharing
16.589,"Rural Domestic Violence, Dating Violence, Sexual Assault, and Stalking Assistance Program",FY24,Department of Justice,Boards and Divisions Offices,21P,Improve Sexual Assault Response on Tribal Lands
16.59,Grants to Encourage Arrest Policies and Enforcement of Protection Orders Program,FY24,Department of Justice,Boards and Divisions Offices,17P,Increase Capacity to Respond to Sexual Assault
16.59,Grants to Encourage Arrest Policies and Enforcement of Protection Orders Program,FY24,Department of Justice,Boards and Divisions Offices,21P,Improve Sexual Assault Response on Tribal Lands
16.593,Residential Substance Abuse Treatment for State Prisoners,FY24,Department of Justice,Office of Justice Programs,150,Improve Post-Incarceration Reentry and Reintegration 
16.593,Residential Substance Abuse Treatment for State Prisoners,FY24,Department of Justice,Office of Justice Programs,897,Reduce Abuse of Controlled Substances
16.596,Trible Justice Assistance,FY24,Department of Justice,Office of Justice Programs,T55,Increase Tribal Self-Governance and Decision-Making Authority
16.596,Trible Justice Assistance,FY24,Department of Justice,Office of Justice Programs,N36,Increase Law Enforcement Operational Capacity
16.596,Trible Justice Assistance,FY24,Department of Justice,Office of Justice Programs,1C,Construct New Community Infrastructure
16.601,Corrections Training and Staff Development,FY24,Department of Justice,Bureau of Prisons,N36,Increase Law Enforcement Operational Capacity
16.602,Corrections Research and Evaluation and Policy Formulation,FY24,Department of Justice,Bureau of Prisons,103,Expand Basic and Applied Research
16.602,Corrections Research and Evaluation and Policy Formulation,FY24,Department of Justice,Bureau of Prisons,127,Improve or Maintain Quality of Programs
16.603,Corrections Technical Assistance/Clearinghouse,FY24,Department of Justice,Bureau of Prisons,127,Improve or Maintain Quality of Programs
16.603,Corrections Technical Assistance/Clearinghouse,FY24,Department of Justice,Bureau of Prisons,N36,Increase Law Enforcement Operational Capacity
16.606,State Criminal Alien Assistance Program,FY24,Department of Justice,Office of Justice Programs,N36,Increase Law Enforcement Operational Capacity
16.607,Bulletproof Vest Partnership Program,FY24,Department of Justice,Office of Justice Programs,N36,Increase Law Enforcement Operational Capacity
16.608,Tribal Justice Systems,FY24,Department of Justice,Office of Justice Programs,T55,Increase Tribal Self-Governance and Decision-Making Authority
16.608,Tribal Justice Systems,FY24,Department of Justice,Office of Justice Programs,159,Reduce Criminal Activity
16.609,Project Safe Neighborhoods,FY24,Department of Justice,Office of Justice Programs,159,Reduce Criminal Activity
16.61,Regional Information Sharing Systems,FY24,Department of Justice,Office of Justice Programs,N35,Improve Interagency Coordination and Information Sharing
16.61,Regional Information Sharing Systems,FY24,Department of Justice,Office of Justice Programs,N36,Increase Law Enforcement Operational Capacity
16.61,Regional Information Sharing Systems,FY24,Department of Justice,Office of Justice Programs,159,Reduce Criminal Activity
16.614,State and Local Anti-Terrorism Training,FY24,Department of Justice,Office of Justice Programs,N36,Increase Law Enforcement Operational Capacity
16.614,State and Local Anti-Terrorism Training,FY24,Department of Justice,Office of Justice Programs,N35,Improve Interagency Coordination and Information Sharing
16.614,State and Local Anti-Terrorism Training,FY24,Department of Justice,Office of Justice Programs,827,Improve Job-Specific Skills
16.615,Public Safety Officers' Educational Assistance,FY24,Department of Justice,Office of Justice Programs,912,Improve Financial Support for Post-Secondary Education
16.71,Public Safety Partnership and Community Policing Grants,FY24,Department of Justice,Boards and Divisions Offices,159,Reduce Criminal Activity
16.726,Juvenile Mentoring Program,FY24,Department of Justice,Office of Justice Programs,897,Reduce Abuse of Controlled Substances
16.726,Juvenile Mentoring Program,FY24,Department of Justice,Office of Justice Programs,856,Increased Responsible Decision-Making Skills for Youth
16.731,Tribal Youth Program,FY24,Department of Justice,Office of Justice Programs,T55,Increase Tribal Self-Governance and Decision-Making Authority
16.731,Tribal Youth Program,FY24,Department of Justice,Office of Justice Programs,856,Increased Responsible Decision-Making Skills for Youth
16.734,Special Data Collections and Statistical Studies,FY24,Department of Justice,Office of Justice Programs,T52,Improve Data Infrastructure and Accessibility
16.735,PREA Program: Strategic Support for PREA Implementation ,FY24,Department of Justice,Office of Justice Programs,159,Reduce Criminal Activity
16.735,PREA Program: Strategic Support for PREA Implementation ,FY24,Department of Justice,Office of Justice Programs,17P,Increase Capacity to Respond to Sexual Assault
16.736,"Transitional Housing Assistance for Victims of Domestic Violence, Dating Violence, Stalking, or Sexual Assault ",FY24,Department of Justice,Boards and Divisions Offices,832,Increase Temporary Housing
16.738,Edward Byrne Memorial Justice Assistance Grant Program,FY24,Department of Justice,Office of Justice Programs,N36,Increase Law Enforcement Operational Capacity
16.739,National Prison Rape Statistics Program ,FY24,Department of Justice,Office of Justice Programs,159,Reduce Criminal Activity
16.739,National Prison Rape Statistics Program ,FY24,Department of Justice,Office of Justice Programs,T52,Improve Data Infrastructure and Accessibility
16.741,DNA Backlog Reduction Program,FY24,Department of Justice,Office of Justice Programs,N36,Increase Law Enforcement Operational Capacity
16.742,Paul Coverdell Forensic Sciences Improvement Grant Program,FY24,Department of Justice,Office of Justice Programs,N36,Increase Law Enforcement Operational Capacity
16.742,Paul Coverdell Forensic Sciences Improvement Grant Program,FY24,Department of Justice,Office of Justice Programs,827,Improve Job-Specific Skills
16.745,Criminal and Juvenile Justice and Mental Health Collaboration Program,FY24,Department of Justice,Office of Justice Programs,N36,Increase Law Enforcement Operational Capacity
16.745,Criminal and Juvenile Justice and Mental Health Collaboration Program,FY24,Department of Justice,Office of Justice Programs,827,Improve Job-Specific Skills
16.745,Criminal and Juvenile Justice and Mental Health Collaboration Program,FY24,Department of Justice,Office of Justice Programs,N35,Improve Interagency Coordination and Information Sharing
16.746,Capital Case Litigation Initiative,FY24,Department of Justice,Office of Justice Programs,10,Increase Access to Quality Legal Services
16.746,Capital Case Litigation Initiative,FY24,Department of Justice,Office of Justice Programs,N35,Improve Interagency Coordination and Information Sharing
16.746,Capital Case Litigation Initiative,FY24,Department of Justice,Office of Justice Programs,829,Improve General Employability and Soft Skills
16.75,Support for Adam Walsh Act Implementation Grant Program,FY24,Department of Justice,Office of Justice Programs,T52,Improve Data Infrastructure and Accessibility
16.75,Support for Adam Walsh Act Implementation Grant Program,FY24,Department of Justice,Office of Justice Programs,T87,Improve Crime Reporting Infrastructure
16.751,Edward Byrne Memorial Competitive Grant Program,FY24,Department of Justice,Office of Justice Programs,159,Reduce Criminal Activity
16.752,"Economic, High-Tech, and Cyber Crime Prevention",FY24,Department of Justice,Office of Justice Programs,N36,Increase Law Enforcement Operational Capacity
16.753,Congressionally Recommended Awards ,FY24,Department of Justice,Office of Justice Programs,N37,Improve Victim Support Services
16.754,Harold Rogers Prescription Drug Monitoring Program,FY24,Department of Justice,Office of Justice Programs,N36,Increase Law Enforcement Operational Capacity
16.756,Court Appointed Special Advocates,FY24,Department of Justice,Office of Justice Programs,10,Increase Access to Quality Legal Services
16.756,Court Appointed Special Advocates,FY24,Department of Justice,Office of Justice Programs,145,Improve Prevention of Child Abuse and Neglect
16.757,Judicial Training on Child Maltreatment for Court Personnel Juvenile Justice Programs,FY24,Department of Justice,Office of Justice Programs,10,Increase Access to Quality Legal Services
16.757,Judicial Training on Child Maltreatment for Court Personnel Juvenile Justice Programs,FY24,Department of Justice,Office of Justice Programs,145,Improve Prevention of Child Abuse and Neglect
16.758,Improving the Investigation and Prosecution of Child Abuse and the Regional and Local Children's Advocacy Centers,FY24,Department of Justice,Office of Justice Programs,14P,Improve Prosecutorial Capacity of Criminal Activity
16.758,Improving the Investigation and Prosecution of Child Abuse and the Regional and Local Children's Advocacy Centers,FY24,Department of Justice,Office of Justice Programs,12P,Improve Investigatory Capacity of Criminal Activity
16.812,Second Chance Act Reentry Initiative,FY24,Department of Justice,Office of Justice Programs,160,Reduce Recidivism
16.813,NICS Act Record Improvement Program,FY24,Department of Justice,Office of Justice Programs,T52,Improve Data Infrastructure and Accessibility
16.813,NICS Act Record Improvement Program,FY24,Department of Justice,Office of Justice Programs,N36,Improve Law Enforcement Operational Capacity
16.815,"Tribal Civil and Criminal Legal Assistance Grants, Training and Technical Assistance",FY24,Department of Justice,Office of Justice Programs,T55,Increase Tribal Self-Governance and Decision-Making Authority
16.815,"Tribal Civil and Criminal Legal Assistance Grants, Training and Technical Assistance",FY24,Department of Justice,Office of Justice Programs,N36,Increase Law Enforcement Operational Capacity
16.816,John R.  Justice Prosecutors and Defenders Incentive Act,FY24,Department of Justice,Office of Justice Programs,N36,Increase Law Enforcement Operational Capacity
16.817,Byrne Criminal Justice Innovation Program,FY24,Department of Justice,Office of Justice Programs,159,Reduce Criminal Activity
16.818,Children Exposed to Violence,FY24,Department of Justice,Office of Justice Programs,145,Improve Prevention of Child Abuse and Neglect
16.818,Children Exposed to Violence,FY24,Department of Justice,Office of Justice Programs,186,Increase K12 Attendance and Persistence in School
16.818,Children Exposed to Violence,FY24,Department of Justice,Office of Justice Programs,897,Reduce Abuse of Controlled Substances
16.82,Postconviction Testing of DNA Evidence,FY24,Department of Justice,Office of Justice Programs,N36,Increase Law Enforcement Operational Capacity
16.823,Emergency Planning for Juvenile Justice Facilities,FY24,Department of Justice,Office of Justice Programs,50,Improve Disaster Resilience and Risk Mitigation
16.823,Emergency Planning for Juvenile Justice Facilities,FY24,Department of Justice,Office of Justice Programs,N36,Increase Law Enforcement Operational Capacity
16.824,Emergency Law Enforcement Assistance Grant,FY24,Department of Justice,Office of Justice Programs,N36,Increase Law Enforcement Operational Capacity
16.825,Smart Prosecution Initiative,FY24,Department of Justice,Office of Justice Programs,14P,Improve Improve Prosecutorial Capacity of Criminal Activity
16.825,Smart Prosecution Initiative,FY24,Department of Justice,Office of Justice Programs,159,Reduce Criminal Activity
16.827,Justice Reinvestment Initiative,FY24,Department of Justice,Office of Justice Programs,65,Implement Policy Change and Enforcement
16.827,Justice Reinvestment Initiative,FY24,Department of Justice,Office of Justice Programs,159,Reduce Criminal Activity
16.828,"Swift, Certain, and Fair Supervision Program: Applying the Principles Behind Project HOPE",FY24,Department of Justice,Office of Justice Programs,159,Reduce Criminal Activity
16.828,"Swift, Certain, and Fair Supervision Program: Applying the Principles Behind Project HOPE",FY24,Department of Justice,Office of Justice Programs,160,Reduce Recidivism
16.83,Girls in the Juvenile Justice System ,FY24,Department of Justice,Office of Justice Programs,159,Reduce Criminal Activity
16.83,Girls in the Juvenile Justice System ,FY24,Department of Justice,Office of Justice Programs,896,Improve Mental Health and Wellbeing
16.831,Children of Incarcerated Parents ,FY24,Department of Justice,Office of Justice Programs,150,Improve Post-Incarceration Reentry and Reintegration 
16.831,Children of Incarcerated Parents ,FY24,Department of Justice,Office of Justice Programs,145,Improve Prevention of Child Abuse and Neglect
16.831,Children of Incarcerated Parents ,FY24,Department of Justice,Office of Justice Programs,160,Reduce Recidivism
16.833,National Sexual Assault Kit Initiative,FY24,Department of Justice,Office of Justice Programs,18P,Increase Resolution or Closure of Cold Cases
16.833,National Sexual Assault Kit Initiative,FY24,Department of Justice,Office of Justice Programs,12P,Improve Investigatorial Capacity of Criminal Activity
16.834,Domestic Trafficking Victim Program ,FY24,Department of Justice,Office of Justice Programs,N40,Prevent and Respond to Human Trafficking and Exploitation
16.834,Domestic Trafficking Victim Program ,FY24,Department of Justice,Office of Justice Programs,N37,Improve Victim Support Services
16.835,Body Worn Camera Policy and Implementation,FY24,Department of Justice,Office of Justice Programs,N36,Increase Law Enforcement Operational Capacity
16.836,Indigent Defense,FY24,Department of Justice,Office of Justice Programs,10,Increase Access to Quality Legal Services
16.838,"Comprehensive Opioid, Stimulant, and other Substances Use Program",FY24,Department of Justice,Office of Justice Programs,897,Reduce Abuse of Controlled Substances
16.838,"Comprehensive Opioid, Stimulant, and other Substances Use Program",FY24,Department of Justice,Office of Justice Programs,159,Reduce Criminal Activity
16.839,STOP School Violence,FY24,Department of Justice,Office of Justice Programs,159,Reduce Criminal Activity
16.839,STOP School Violence,FY24,Department of Justice,Office of Justice Programs,144,Improve School Environment
16.84,Keep Young Athletes Safe,FY24,Department of Justice,Office of Justice Programs,159,Reduce Criminal Activity
16.841,VOCA Tribal Victim Services Set-Aside Program,FY24,Department of Justice,Office of Justice Programs,N40,Prevent and Respond to Human Trafficking and Exploitation
16.842,Opioid Affected Youth Initiative,FY24,Department of Justice,Office of Justice Programs,159,Reduce Criminal Activity
16.844,Combatting Contraband Cell Phone Use in Prisons,FY24,Department of Justice,Office of Justice Programs,159,Reduce Criminal Activity
16.888,Consolidated And Technical Assistance Grant Program to Address Children and Youth Experiencing Domestic and Sexual Violence and Engage Men and Boys as Allies ,FY24,Department of Justice,Boards and Divisions Offices,159,Reduce Criminal Activity
16.888,Consolidated And Technical Assistance Grant Program to Address Children and Youth Experiencing Domestic and Sexual Violence and Engage Men and Boys as Allies ,FY24,Department of Justice,Boards and Divisions Offices,N37,Improve Victim Support Services
16.889,Grants for Outreach and Services to Underserved Populations,FY24,Department of Justice,Boards and Divisions Offices,93,Increase Identification and Referral of Domestic Violence Survivors
16.889,Grants for Outreach and Services to Underserved Populations,FY24,Department of Justice,Boards and Divisions Offices,145,Improve Prevention of Child Abuse and Neglect
16.922,Equitable Sharing Program,FY24,Department of Justice,Boards and Divisions Offices,159,Reduce Criminal Activity
16.922,Equitable Sharing Program,FY24,Department of Justice,Boards and Divisions Offices,12P,Improve Investigatory Capacity of Criminal Activity
20.106,"Airport Improvement Program, Infrastructure Investment and Jobs Act Programs, and COVID-19 Airports Programs",FY24,Department of Transportation,Federal Aviation Administration (FAA),1T,Improve Air Travel Safety 
20.106,"Airport Improvement Program, Infrastructure Investment and Jobs Act Programs, and COVID-19 Airports Programs",FY24,Department of Transportation,Federal Aviation Administration (FAA),827,Improve Job-Specific Skills
20.108,Aviation Research Grants,FY24,Department of Transportation,Federal Aviation Administration (FAA),103,Expand Basic and Applied Research
20.109,Air Transportation Centers of Excellence,FY24,Department of Transportation,Federal Aviation Administration (FAA),103,Expand Basic and Applied Research
20.109,Air Transportation Centers of Excellence,FY24,Department of Transportation,Federal Aviation Administration (FAA),1T,Improve Air Travel Safety 
20.111,Aircraft Pilots Workforce Development Grant Program,FY24,Department of Transportation,Federal Aviation Administration (FAA),827,Improve Job-Specific Skills
20.112,Aviation Maintenance Technical Workforce Grant Program,FY24,Department of Transportation,Federal Aviation Administration (FAA),827,Improve Job-Specific Skills
20.115,Fueling Aviation’s Sustainable Transition via Sustainable Aviation Fuels (FAST-SAF) and Low-Emissions Aviation Technologies (FAST-Tech) Grant,FY24,Department of Transportation,Federal Aviation Administration (FAA),N73,Expand Domestic Energy Production
20.2,Highway Research and Development Program,FY24,Department of Transportation,Federal Highway Administration (FHWA),T34,Increase Traveler Safety
20.2,Highway Research and Development Program,FY24,Department of Transportation,Federal Highway Administration (FHWA),103,Expand Basic and Applied Research
20.205,Highway Planning and Construction,FY24,Department of Transportation,Federal Highway Administration (FHWA),10C,Repair Existing Community Infrastructure
20.205,Highway Planning and Construction,FY24,Department of Transportation,Federal Highway Administration (FHWA),9C,Maintain Existing Community Infrastructure
20.205,Highway Planning and Construction,FY24,Department of Transportation,Federal Highway Administration (FHWA),1C,Construct New Community Infrastructure
20.215,Highway Training and Education,FY24,Department of Transportation,Federal Highway Administration (FHWA),827,Improve Job-Specific Skills
20.215,Highway Training and Education,FY24,Department of Transportation,Federal Highway Administration (FHWA),195,Improve Persistence in STEM Education
20.215,Highway Training and Education,FY24,Department of Transportation,Federal Highway Administration (FHWA),196,Expand STEM Skills
20.218,Motor Carrier Safety Assistance ,FY24,Department of Transportation,Federal Motor Carrier Safety Administration,T34,Increase Traveler Safety
20.219,Recreational Trails Program,FY24,Department of Transportation,Federal Highway Administration (FHWA),T53,Improve Maintenance of Recreational Trails and Natural Areas
20.219,Recreational Trails Program,FY24,Department of Transportation,Federal Highway Administration (FHWA),9C,Maintain Existing Community Infrastructure
20.223,Transportation Infrastructure Finance and Innovation Act (TIFIA) Program,FY24,Department of Transportation,Office of the Secretary of Tranportation (OST) Procurement Operations,10C,Repair Existing Community Infrastructure
20.224,Federal Lands Access Program,FY24,Department of Transportation,Federal Highway Administration (FHWA),T53,Improve Maintenance of Recreational Trails and Natural Areas
20.231,Performance and Registration Information Systems Management,FY24,Department of Transportation,Federal Motor Carrier Safety Administration,T52,Improve Data Infrastructure and Accessibility
20.231,Performance and Registration Information Systems Management,FY24,Department of Transportation,Federal Motor Carrier Safety Administration,T34,Increase Traveler Safety
20.231,Performance and Registration Information Systems Management,FY24,Department of Transportation,Federal Motor Carrier Safety Administration,T1,Improve Production Operations and Oversight'
20.232,Commercial Driver's License Program Implementation Grant,FY24,Department of Transportation,Federal Motor Carrier Safety Administration,T34,Increase Traveler Safety
20.232,Commercial Driver's License Program Implementation Grant,FY24,Department of Transportation,Federal Motor Carrier Safety Administration,8C,Improve Research in Public Infrastructure Innovations 
20.233,Border Enforcement Grants,FY24,Department of Transportation,Federal Motor Carrier Safety Administration,T1,Improve Production Operations and Oversight'
20.233,Border Enforcement Grants,FY24,Department of Transportation,Federal Motor Carrier Safety Administration,T34,Increase Traveler Safety
20.234,Safety Data Improvement Program,FY24,Department of Transportation,Federal Motor Carrier Safety Administration,T52,Improve Data Infrastructure and Accessibility
20.235,Commercial Motor Vehicle Operator Safety Training Grants ,FY24,Department of Transportation,Federal Motor Carrier Safety Administration,T34,Increase Traveler Safety
20.235,Commercial Motor Vehicle Operator Safety Training Grants ,FY24,Department of Transportation,Federal Motor Carrier Safety Administration,827,Improve Job-Specific Skills
20.237,Motor Carrier Safety Assistance High Priority Activities Grants and Cooperative Agreements,FY24,Department of Transportation,Federal Motor Carrier Safety Administration,T34,Increase Traveler Safety
20.237,Motor Carrier Safety Assistance High Priority Activities Grants and Cooperative Agreements,FY24,Department of Transportation,Federal Motor Carrier Safety Administration,T52,Improve Data Infrastructure and Accessibility
20.24,Fuel Tax Evasion-Intergovernmental Enforcement Effort,FY24,Department of Transportation,Federal Highway Administration (FHWA),159,Reduce Criminal Activity
20.243,Commercial Motor Vehicle Enforcement Training and Support,FY24,Department of Transportation,Federal Motor Carrier Safety Administration,T34,Increase Traveler Safety
20.243,Commercial Motor Vehicle Enforcement Training and Support,FY24,Department of Transportation,Federal Motor Carrier Safety Administration,827,Improve Job-Specific Skills
20.301,Railroad Safety,FY24,Department of Transportation,Federal Railroad Administration (FRA),T34,Increase Traveler Safety
20.313,Railroad Research and Development,FY24,Department of Transportation,Federal Railroad Administration (FRA),T34,Increase Traveler Safety
20.313,Railroad Research and Development,FY24,Department of Transportation,Federal Railroad Administration (FRA),T34,Increase Traveler Safety
20.314,Railroad Development,FY24,Department of Transportation,Federal Railroad Administration (FRA),T35,Improve Transit Connectivity
20.315,National Railroad Passenger Corporation Grants,FY24,Department of Transportation,Federal Railroad Administration (FRA),T35,Improve Transit Connectivity
20.316,Railroad Rehabilitation and Improvement Financing Program,FY24,Department of Transportation,Office of the Secretary of Tranportation (OST) Procurement Operations,T35,Improve Transit Connectivity
20.317,Capital Assistance to States - Intercity Passenger Rail Service,FY24,Department of Transportation,Federal Railroad Administration (FRA),T35,Improve Transit Connectivity
20.318,Maglev Project Selection Program - SAFETEA-LU,FY24,Department of Transportation,Federal Railroad Administration (FRA),T35,Improve Transit Connectivity
20.319,High-Speed Rail Corridors and Intercity Passenger Rail Service – Capital Assistance Grants,FY24,Department of Transportation,Federal Railroad Administration (FRA),T35,Improve Transit Connectivity
20.319,High-Speed Rail Corridors and Intercity Passenger Rail Service – Capital Assistance Grants,FY24,Department of Transportation,Federal Railroad Administration (FRA),T33,Decrease Congestion on Highways or Roads
20.32,Rail Line Relocation and Improvement ,FY24,Department of Transportation,Federal Railroad Administration (FRA),T35,Improve Transit Connectivity
20.321,Railroad Safety Technology Grants,FY24,Department of Transportation,Federal Railroad Administration (FRA),T34,Increase Traveler Safety
20.323,Fiscal Year 2013 Hurricane Sandy Disaster Relief Grants to the National Railroad Passenger Corporation,FY24,Department of Transportation,Federal Railroad Administration (FRA),49,Improve Disaster Recovery
20.323,Fiscal Year 2013 Hurricane Sandy Disaster Relief Grants to the National Railroad Passenger Corporation,FY24,Department of Transportation,Federal Railroad Administration (FRA),N2,Maintain Essential Public Utility Operations During Emergencies
20.324,Restoration and Enhancement,FY24,Department of Transportation,Federal Railroad Administration (FRA),T35,Improve Transit Connectivity
20.324,Restoration and Enhancement,FY24,Department of Transportation,Federal Railroad Administration (FRA),T36,Improve Access to Transit
20.325,Consolidated Rail Infrastructure and Safety Improvements,FY24,Department of Transportation,Federal Railroad Administration (FRA),T35,Improve Transit Connectivity
20.325,Consolidated Rail Infrastructure and Safety Improvements,FY24,Department of Transportation,Federal Railroad Administration (FRA),T34,Increase Traveler Safety
20.326,Federal-State Partnership for Intercity Passenger Rail,FY24,Department of Transportation,Federal Railroad Administration (FRA),10C,Repair Existing Community Infrastructure
20.326,Federal-State Partnership for Intercity Passenger Rail,FY24,Department of Transportation,Federal Railroad Administration (FRA),T35,Improve Transit Connectivity
20.327,Railroad Crossing Elimination,FY24,Department of Transportation,Federal Railroad Administration (FRA),T35,Improve Transit Connectivity
20.327,Railroad Crossing Elimination,FY24,Department of Transportation,Federal Railroad Administration (FRA),T34,Increase Traveler Safety
20.328,Interstate Rail Compacts,FY24,Department of Transportation,Federal Railroad Administration (FRA),T35,Improve Transit Connectivity
20.5,Federal Transit Capital Investment Grants,FY24,Department of Transportation,Federal Transit Administration (FTA),T35,Improve Transit Connectivity
20.505,Metropolitan Transportation Planning and State and Non-Metropolitan Planning and Research ,FY24,Department of Transportation,Federal Transit Administration (FTA),T35,Improve Transit Connectivity
20.505,Metropolitan Transportation Planning and State and Non-Metropolitan Planning and Research ,FY24,Department of Transportation,Federal Transit Administration (FTA),T121,Improve Foundational Research in Engineering
20.507,Federal Transit Formula Grants,FY24,Department of Transportation,Federal Transit Administration (FTA),T35,Improve Transit Connectivity
20.507,Federal Transit Formula Grants,FY24,Department of Transportation,Federal Transit Administration (FTA),5T,Improve Waterway Reliability
20.509,Formula Grants for Rural Areas and Tribal Transit Program,FY24,Department of Transportation,Federal Transit Administration (FTA),T35,Improve Transit Connectivity
20.509,Formula Grants for Rural Areas and Tribal Transit Program,FY24,Department of Transportation,Federal Transit Administration (FTA),T36,Improve Access to Transit
20.513,Enhanced Mobility of Seniors and Individuals with Disabilities ,FY24,Department of Transportation,Federal Transit Administration (FTA),T36,Improve Access to Transit
20.513,Enhanced Mobility of Seniors and Individuals with Disabilities ,FY24,Department of Transportation,Federal Transit Administration (FTA),37,Improve Communication and Transportation Resources for Older Adults
20.513,Enhanced Mobility of Seniors and Individuals with Disabilities ,FY24,Department of Transportation,Federal Transit Administration (FTA),11,Increase Support Services for Individuals with Disabilities
20.516,Job Access and Reverse Commute Program,FY24,Department of Transportation,Federal Transit Administration (FTA),T36,Improve Access to Transit
20.516,Job Access and Reverse Commute Program,FY24,Department of Transportation,Federal Transit Administration (FTA),2N,Increase Access to Jobs 
20.519,Clean Fuels,FY24,Department of Transportation,Federal Transit Administration (FTA),T36,Improve Access to Transit
20.519,Clean Fuels,FY24,Department of Transportation,Federal Transit Administration (FTA),1J,Improve Air Quality 
20.52,Paul S. Sarbanes Transit in the Parks,FY24,Department of Transportation,Federal Transit Administration (FTA),T33,Decrease Congestion on Highways or Roads
20.52,Paul S. Sarbanes Transit in the Parks,FY24,Department of Transportation,Federal Transit Administration (FTA),T53,Improve Maintenance of Recreational Trails and Natural Areas
20.521,New Freedom Program,FY24,Department of Transportation,Federal Transit Administration (FTA),T36,Improve Access to Transit
20.521,New Freedom Program,FY24,Department of Transportation,Federal Transit Administration (FTA),11,Increase Support Services for Individuals with Disabilities
20.524,Passenger Rail Investment and Improvement (PRIIA)  Projects for Washington Metropolitan Area Transit Authority (WMATA),FY24,Department of Transportation,Federal Transit Administration (FTA),T34,Increase Traveler Safety
20.525,State of Good Repair Grants Program,FY24,Department of Transportation,Federal Transit Administration (FTA),T35,Improve Transit Connectivity
20.525,State of Good Repair Grants Program,FY24,Department of Transportation,Federal Transit Administration (FTA),T36,Improve Access to Transit
20.526,"Buses and Bus Facilities Formula, Competitive, and Low or No Emissions Programs",FY24,Department of Transportation,Federal Transit Administration (FTA),T36,Improve Access to Transit
20.526,"Buses and Bus Facilities Formula, Competitive, and Low or No Emissions Programs",FY24,Department of Transportation,Federal Transit Administration (FTA),1J,Improve Air Quality 
20.527,Public Transportation Emergency Relief Program,FY24,Department of Transportation,Federal Transit Administration (FTA),49,Improve Disaster Recovery
20.527,Public Transportation Emergency Relief Program,FY24,Department of Transportation,Federal Transit Administration (FTA),N2,Maintain Essential Public Utility Operations During Emergencies
20.528,Rail Fixed Guideway Public Transportation System State Safety Oversight Formula Grant Program,FY24,Department of Transportation,Federal Transit Administration (FTA),T34,Increase Traveler Safety
20.529,Bus Testing,FY24,Department of Transportation,Federal Transit Administration (FTA),T36,Improve Access to Transit
20.529,Bus Testing,FY24,Department of Transportation,Federal Transit Administration (FTA),T121,Improve Foundational Research in Engineering
20.53,Public Transportation Innovation,FY24,Department of Transportation,Federal Transit Administration (FTA),T36,Improve Access to Transit
20.53,Public Transportation Innovation,FY24,Department of Transportation,Federal Transit Administration (FTA),T121,Improve Foundational Research in Engineering
20.531,Technical Assistance and Workforce Development,FY24,Department of Transportation,Federal Transit Administration (FTA),T36,Improve Access to Transit
20.531,Technical Assistance and Workforce Development,FY24,Department of Transportation,Federal Transit Administration (FTA),827,Improve Job-Specific Skills
20.531,Technical Assistance and Workforce Development,FY24,Department of Transportation,Federal Transit Administration (FTA),127,Improve or Maintain Quality of Programs
20.532,"Passenger Ferry Grant Program, Electric or Low-Emitting Ferry Pilot Program, and Ferry Service for Rural Communities Program",FY24,Department of Transportation,Federal Transit Administration (FTA),T35,Improve Transit Connectivity
20.532,"Passenger Ferry Grant Program, Electric or Low-Emitting Ferry Pilot Program, and Ferry Service for Rural Communities Program",FY24,Department of Transportation,Federal Transit Administration (FTA),6T,Increase Waterway and Port Capacity
20.533,All Stations Accessibility Program,FY24,Department of Transportation,Federal Transit Administration (FTA),T36,Improve Access to Transit
20.533,All Stations Accessibility Program,FY24,Department of Transportation,Federal Transit Administration (FTA),11,Increase Support Services for Individuals with Disabilities
20.534,Community Project Funding Congressionally Directed Spending,FY24,Department of Transportation,Federal Transit Administration (FTA),T36,Improve Access to Transit
20.6,State and Community Highway Safety,FY24,Department of Transportation,National Highway Traffic Safety Administration (NHTSA),T34,Increase Traveler Safety
20.606,National Driver Register,FY24,Department of Transportation,National Highway Traffic Safety Administration (NHTSA),T52,Improve Data Infrastructure and Accessibility
20.607,Alcohol Open Container Requirements,FY24,Department of Transportation,National Highway Traffic Safety Administration (NHTSA),65,Implement Policy Change and Enforcement
20.607,Alcohol Open Container Requirements,FY24,Department of Transportation,National Highway Traffic Safety Administration (NHTSA),159,Reduce Criminal Activity
20.607,Alcohol Open Container Requirements,FY24,Department of Transportation,National Highway Traffic Safety Administration (NHTSA),T34,Increase Traveler Safety
20.608,Minimum Penalties for Repeat Offenders for Driving While Intoxicated,FY24,Department of Transportation,National Highway Traffic Safety Administration (NHTSA),65,Implement Policy Change and Enforcement
20.608,Minimum Penalties for Repeat Offenders for Driving While Intoxicated,FY24,Department of Transportation,National Highway Traffic Safety Administration (NHTSA),159,Reduce Criminal Activity
20.608,Minimum Penalties for Repeat Offenders for Driving While Intoxicated,FY24,Department of Transportation,National Highway Traffic Safety Administration (NHTSA),T34,Increase Traveler Safety
20.611,Incentive Grant Program to Prohibit Racial Profiling,FY24,Department of Transportation,National Highway Traffic Safety Administration (NHTSA),65,Implement Policy Change and Enforcement
20.611,Incentive Grant Program to Prohibit Racial Profiling,FY24,Department of Transportation,National Highway Traffic Safety Administration (NHTSA),T52,Improve Data Infrastructure and Accessibility
20.614,National Highway Traffic Safety Administration (NHTSA) Discretionary Safety Grants and Cooperative Agreements ,FY24,Department of Transportation,National Highway Traffic Safety Administration (NHTSA),103,Expand Basic and Applied Research
20.614,National Highway Traffic Safety Administration (NHTSA) Discretionary Safety Grants and Cooperative Agreements ,FY24,Department of Transportation,National Highway Traffic Safety Administration (NHTSA),827,Improve Job-Specific Skills
20.614,National Highway Traffic Safety Administration (NHTSA) Discretionary Safety Grants and Cooperative Agreements ,FY24,Department of Transportation,National Highway Traffic Safety Administration (NHTSA),T34,Increase Traveler Safety
20.616,National Priority Safety Programs,FY24,Department of Transportation,National Highway Traffic Safety Administration (NHTSA),T34,Increase Traveler Safety
20.617,State Electronic Data Collection (SEDC) Program Grant,FY24,Department of Transportation,National Highway Traffic Safety Administration (NHTSA),T52,Improve Data Infrastructure and Accessibility
20.618,Driver Alcohol Detection System for Safety,FY24,Department of Transportation,National Highway Traffic Safety Administration (NHTSA),103,Expand Basic and Applied Research
20.618,Driver Alcohol Detection System for Safety,FY24,Department of Transportation,National Highway Traffic Safety Administration (NHTSA),T34,Increase Traveler Safety
20.619,Motor Vehicle Safety Research,FY24,Department of Transportation,National Highway Traffic Safety Administration (NHTSA),103,Expand Basic and Applied Research
20.619,Motor Vehicle Safety Research,FY24,Department of Transportation,National Highway Traffic Safety Administration (NHTSA),T34,Increase Traveler Safety
20.62,Behavioral Traffic Safety Cooperative Research,FY24,Department of Transportation,National Highway Traffic Safety Administration (NHTSA),103,Expand Basic and Applied Research
20.62,Behavioral Traffic Safety Cooperative Research,FY24,Department of Transportation,National Highway Traffic Safety Administration (NHTSA),T34,Increase Traveler Safety
20.621,State Process for Informing Consumers of Recalls,FY24,Department of Transportation,National Highway Traffic Safety Administration (NHTSA),T2,Improve Risk Awareness to Consumers
20.621,State Process for Informing Consumers of Recalls,FY24,Department of Transportation,National Highway Traffic Safety Administration (NHTSA),T52,Improve Data Infrastructure and Accessibility
20.7,Pipeline Safety Program State Base Grant ,FY24,Department of Transportation,Pipeline and Hazardous Materials Safety Administration,8Q,Reduce Environmental Hazards
20.7,Pipeline Safety Program State Base Grant ,FY24,Department of Transportation,Pipeline and Hazardous Materials Safety Administration,T1,Improve Production Operations and Oversight'
20.701,University Transportation Centers Program,FY24,Department of Transportation,Office of the Secretary of Tranportation (OST) Procurement Operations,8C,Improve Research in Public Infrastructure Innovations 
20.703,Interagency Hazardous Materials Public Sector Training and Planning Grants,FY24,Department of Transportation,Pipeline and Hazardous Materials Safety Administration,8Q,Reduce Environmental Hazards
20.703,Interagency Hazardous Materials Public Sector Training and Planning Grants,FY24,Department of Transportation,Pipeline and Hazardous Materials Safety Administration,9F,Strengthen Emergency Coordination
20.703,Interagency Hazardous Materials Public Sector Training and Planning Grants,FY24,Department of Transportation,Pipeline and Hazardous Materials Safety Administration,827,Improve Job-Specific Skills
20.706,Pipeline Emergency Response Grant (PERG),FY24,Department of Transportation,Pipeline and Hazardous Materials Safety Administration,8Q,Reduce Environmental Hazards
20.706,Pipeline Emergency Response Grant (PERG),FY24,Department of Transportation,Pipeline and Hazardous Materials Safety Administration,9F,Strengthen Emergency Coordination
20.706,Pipeline Emergency Response Grant (PERG),FY24,Department of Transportation,Pipeline and Hazardous Materials Safety Administration,827,Improve Job-Specific Skills
20.707,Hazardous Materials State Inspection (HMSI) Grant,FY24,Department of Transportation,Pipeline and Hazardous Materials Safety Administration,8Q,Reduce Environmental Hazards
20.707,Hazardous Materials State Inspection (HMSI) Grant,FY24,Department of Transportation,Pipeline and Hazardous Materials Safety Administration,T1,Improve Production Operations and Oversight'
20.708,Natural Gas Distribution Infrastructure Safety and Modernization Grant Program,FY24,Department of Transportation,Pipeline and Hazardous Materials Safety Administration,10C,Repair Existing Community Infrastructure
20.708,Natural Gas Distribution Infrastructure Safety and Modernization Grant Program,FY24,Department of Transportation,Pipeline and Hazardous Materials Safety Administration,8Q,Reduce Environmental Hazards
20.71,Technical Assistance Grants,FY24,Department of Transportation,Pipeline and Hazardous Materials Safety Administration,8Q,Reduce Environmental Hazards
20.71,Technical Assistance Grants,FY24,Department of Transportation,Pipeline and Hazardous Materials Safety Administration,N28,Advance Environmental Science Research
20.71,Technical Assistance Grants,FY24,Department of Transportation,Pipeline and Hazardous Materials Safety Administration,636,Increase Civic and Community Engagement
20.72,State Damage Prevention Program Grants,FY24,Department of Transportation,Pipeline and Hazardous Materials Safety Administration,8Q,Reduce Environmental Hazards
20.72,State Damage Prevention Program Grants,FY24,Department of Transportation,Pipeline and Hazardous Materials Safety Administration,65,Implement Policy Change and Enforcement
20.721,PHMSA Pipeline Safety Program One Call Grant,FY24,Department of Transportation,Pipeline and Hazardous Materials Safety Administration,4J,Reduce Physical Hazards
20.721,PHMSA Pipeline Safety Program One Call Grant,FY24,Department of Transportation,Pipeline and Hazardous Materials Safety Administration,65,Implement Policy Change and Enforcement
20.723,PHMSA Pipeline Safety Research and Development “Other Transaction Agreements”,FY24,Department of Transportation,Pipeline and Hazardous Materials Safety Administration,N28,Advance Environmental Science Research
20.723,PHMSA Pipeline Safety Research and Development “Other Transaction Agreements”,FY24,Department of Transportation,Pipeline and Hazardous Materials Safety Administration,8Q,Reduce Environmental Hazards
20.724,Pipeline Safety Research Competitive Academic Agreement Program (CAAP) ,FY24,Department of Transportation,Pipeline and Hazardous Materials Safety Administration,N28,Advance Environmental Science Research
20.724,Pipeline Safety Research Competitive Academic Agreement Program (CAAP) ,FY24,Department of Transportation,Pipeline and Hazardous Materials Safety Administration,36,Increase Commercialization of Innovations
20.724,Pipeline Safety Research Competitive Academic Agreement Program (CAAP) ,FY24,Department of Transportation,Pipeline and Hazardous Materials Safety Administration,826,Increase Job Attainment
20.725,PHMSA Pipeline Safety Underground Natural Gas Storage Grant ,FY24,Department of Transportation,Pipeline and Hazardous Materials Safety Administration,8Q,Reduce Environmental Hazards
20.802,Federal Ship Financing Guarantees,FY24,Department of Transportation,Maritime Administration (MARAD),866,Increase Financial Support for Businesses
20.802,Federal Ship Financing Guarantees,FY24,Department of Transportation,Maritime Administration (MARAD),N50,Improve Military Equipment and Facilities
20.803,Maritime War Risk Insurance,FY24,Department of Transportation,Maritime Administration (MARAD),N52,Harden Critical Infrastructure Against Security Threats
20.806,State Maritime Schools,FY24,Department of Transportation,Maritime Administration (MARAD),195,Improve Persistence in STEM Education
20.806,State Maritime Schools,FY24,Department of Transportation,Maritime Administration (MARAD),12B,Improve Maritime Industry Competitiveness
20.807,U.S. Merchant Marine Academy,FY24,Department of Transportation,Maritime Administration (MARAD),195,Improve Persistence in STEM Education
20.807,U.S. Merchant Marine Academy,FY24,Department of Transportation,Maritime Administration (MARAD),913,Improve Persistence and Completion of Post-Secondary Education
20.807,U.S. Merchant Marine Academy,FY24,Department of Transportation,Maritime Administration (MARAD),12B,Improve Maritime Industry Competitiveness
20.808,Capital Construction Fund,FY24,Department of Transportation,Maritime Administration (MARAD),866,Increase Financial Support for Businesses
20.808,Capital Construction Fund,FY24,Department of Transportation,Maritime Administration (MARAD),12B,Improve Maritime Industry Competitiveness
20.812,Construction Reserve Fund,FY24,Department of Transportation,Maritime Administration (MARAD),866,Increase Financial Support for Businesses
20.812,Construction Reserve Fund,FY24,Department of Transportation,Maritime Administration (MARAD),12B,Improve Maritime Industry Competitiveness
20.813,Maritime Security Fleet Program or Ship Operations Cooperation Program,FY24,Department of Transportation,Maritime Administration (MARAD),N50,Improve Military Equipment and Facilities
20.814,Assistance to Small Shipyards,FY24,Department of Transportation,Maritime Administration (MARAD),866,Increase Financial Support for Businesses
20.814,Assistance to Small Shipyards,FY24,Department of Transportation,Maritime Administration (MARAD),N50,Improve Military Equipment and Facilities
20.816,United States Marine Highway Grants,FY24,Department of Transportation,Maritime Administration (MARAD),T35,Improve Transit Connectivity
20.816,United States Marine Highway Grants,FY24,Department of Transportation,Maritime Administration (MARAD),6T,Increase Waterway and Port Capacity
20.817,Air Emissions and Energy Initiative,FY24,Department of Transportation,Maritime Administration (MARAD),10E,Increase Energy Efficiency
20.817,Air Emissions and Energy Initiative,FY24,Department of Transportation,Maritime Administration (MARAD),N28,Advance Environmental Science Research
20.819,Ballast Water Treatment Technologies,FY24,Department of Transportation,Maritime Administration (MARAD),12B,Improve Maritime Industry Competitiveness
20.82,Maritime Studies and Innovations,FY24,Department of Transportation,Maritime Administration (MARAD),12B,Improve Maritime Industry Competitiveness
20.821,Women on the Water (WOW),FY24,Department of Transportation,Maritime Administration (MARAD),827,Improve Job-Specific Skills
20.821,Women on the Water (WOW),FY24,Department of Transportation,Maritime Administration (MARAD),633,Increase Access to Personal and Professional Relationships
20.823,Port Infrastructure Development Program,FY24,Department of Transportation,Maritime Administration (MARAD),6T,Increase Waterway and Port Capacity
20.824,Cable Security Fleet Program,FY24,Department of Transportation,Maritime Administration (MARAD),7ND,Strengthen Operational Readiness of Defense Units
20.825,Tanker Security Program,FY24,Department of Transportation,Maritime Administration (MARAD),7ND,Strengthen Operational Readiness of Defense Units
20.901,Payments for Essential Air Services,FY24,Department of Transportation,Office of the Secretary of Tranportation (OST) Procurement Operations,T35,Improve Transit Connectivity
20.909,Transportation Research and Technology Advancement,FY24,Department of Transportation,Office of the Secretary of Tranportation (OST) Procurement Operations,8C,Improve Research in Public Infrastructure Innovations 
20.91,Assistance to Small and Disadvantaged Businesses,FY24,Department of Transportation,Office of the Secretary of Tranportation (OST) Procurement Operations,82,Expand Coalitions and Networks
20.91,Assistance to Small and Disadvantaged Businesses,FY24,Department of Transportation,Office of the Secretary of Tranportation (OST) Procurement Operations,869,Improve Business Performance and Growth
20.93,Payments for Small Community Air Service Development,FY24,Department of Transportation,Office of the Secretary of Tranportation (OST) Procurement Operations,T36,Improve Access to Transit
20.931,"Transportation Planning, Research and Education",FY24,Department of Transportation,Office of the Secretary of Tranportation (OST) Procurement Operations,8C,Improve Research in Public Infrastructure Innovations 
20.933,National Infrastructure Investments ,FY24,Department of Transportation,Office of the Secretary of Tranportation (OST) Procurement Operations,1C,Construct New Community Infrastructure
20.933,National Infrastructure Investments ,FY24,Department of Transportation,Office of the Secretary of Tranportation (OST) Procurement Operations,9C,Maintain Existing Community Infrastructure
20.933,National Infrastructure Investments ,FY24,Department of Transportation,Office of the Secretary of Tranportation (OST) Procurement Operations,10C,Repair Existing Community Infrastructure
20.934,Nationally Significant Freight and Highway Projects,FY24,Department of Transportation,Office of the Secretary of Tranportation (OST) Procurement Operations,1C,Construct New Community Infrastructure
20.934,Nationally Significant Freight and Highway Projects,FY24,Department of Transportation,Office of the Secretary of Tranportation (OST) Procurement Operations,9C,Maintain Existing Community Infrastructure
20.934,Nationally Significant Freight and Highway Projects,FY24,Department of Transportation,Office of the Secretary of Tranportation (OST) Procurement Operations,10C,Repair Existing Community Infrastructure
20.936,Transportation Demonstration Program,FY24,Department of Transportation,Office of the Secretary of Tranportation (OST) Procurement Operations,12B,Improve Maritime Industry Competitiveness
20.937,National Infrastructure Project Assistance (Mega Projects),FY24,Department of Transportation,Office of the Secretary of Tranportation (OST) Procurement Operations,1C,Construct New Community Infrastructure
20.937,National Infrastructure Project Assistance (Mega Projects),FY24,Department of Transportation,Office of the Secretary of Tranportation (OST) Procurement Operations,T34,Increase Traveler Safety
20.937,National Infrastructure Project Assistance (Mega Projects),FY24,Department of Transportation,Office of the Secretary of Tranportation (OST) Procurement Operations,10C,Repair Existing Community Infrastructure
20.938,Rural Surface Transportation Grant Program,FY24,Department of Transportation,Office of the Secretary of Tranportation (OST) Procurement Operations,9C,Maintain Existing Community Infrastructure
20.938,Rural Surface Transportation Grant Program,FY24,Department of Transportation,Office of the Secretary of Tranportation (OST) Procurement Operations,T34,Increase Traveler Safety
20.939,Safe Streets and Roads for All,FY24,Department of Transportation,Office of the Secretary of Tranportation (OST) Procurement Operations,T34,Increase Traveler Safety
20.94,Reconnecting Communities Pilot (RCP) Discretionary Grant Program,FY24,Department of Transportation,Office of the Secretary of Tranportation (OST) Procurement Operations,T35,Improve Transit Connectivity
20.941,Strengthening Mobility and Revolutionizing Transportation (SMART) Grants Program,FY24,Department of Transportation,Office of the Secretary of Tranportation (OST) Procurement Operations,T34,Increase Traveler Safety
20.942,Thriving Communities Program Capacity Builders Cooperative Agreements,FY24,Department of Transportation,Office of the Secretary of Tranportation (OST) Procurement Operations,T35,Improve Transit Connectivity
20.942,Thriving Communities Program Capacity Builders Cooperative Agreements,FY24,Department of Transportation,Office of the Secretary of Tranportation (OST) Procurement Operations,1C,Construct New Community Infrastructure
20.942,Thriving Communities Program Capacity Builders Cooperative Agreements,FY24,Department of Transportation,Office of the Secretary of Tranportation (OST) Procurement Operations,T34,Increase Traveler Safety
20.943,Rural and Tribal Assistance Pilot Program,FY24,Department of Transportation,Office of the Secretary of Tranportation (OST) Procurement Operations,T35,Improve Transit Connectivity
20.943,Rural and Tribal Assistance Pilot Program,FY24,Department of Transportation,Office of the Secretary of Tranportation (OST) Procurement Operations,1C,Construct New Community Infrastructure
20.944,Autonomous Vehicle Research in Rural Communities Program,FY24,Department of Transportation,Office of the Secretary of Tranportation (OST) Procurement Operations,T34,Increase Traveler Safety
20.944,Autonomous Vehicle Research in Rural Communities Program,FY24,Department of Transportation,Office of the Secretary of Tranportation (OST) Procurement Operations,8C,Improve Research in Public Infrastructure Innovations 
20.945,Asset Concessions and Innovative Finance Assistance,FY24,Department of Transportation,Office of the Secretary of Tranportation (OST) Procurement Operations,82,Expand Coalitions and Networks
20.946,Research Partnership on Climate Change and Transportation,FY24,Department of Transportation,Office of the Secretary of Tranportation (OST) Procurement Operations,N28,Advance Environmental Science Research
20.946,Research Partnership on Climate Change and Transportation,FY24,Department of Transportation,Office of the Secretary of Tranportation (OST) Procurement Operations,50,Improve Disaster Resilience and Risk Mitigation
20.946,Research Partnership on Climate Change and Transportation,FY24,Department of Transportation,Office of the Secretary of Tranportation (OST) Procurement Operations,T36,Improve Access to Transit
20.947,Advanced Bridge Technology Clearinghouse (ABTC) Development,FY24,Department of Transportation,Office of the Secretary of Tranportation (OST) Procurement Operations,T52,Improve Data Infrastructure and Accessibility
20.948,MOBILITY EQUITY RESEARCH INITIATIVE,FY24,Department of Transportation,Office of the Secretary of Tranportation (OST) Procurement Operations,T36,Improve Access to Transit
20.948,MOBILITY EQUITY RESEARCH INITIATIVE,FY24,Department of Transportation,Office of the Secretary of Tranportation (OST) Procurement Operations,T35,Improve Transit Connectivity
20.949,RESEARCH INITIATIVE ON THE USE OF STEEL SLAG IN CONCRETE AND CEMENT,FY24,Department of Transportation,Office of the Secretary of Tranportation (OST) Procurement Operations,36,Increase Commercialization of Innovations
20.949,RESEARCH INITIATIVE ON THE USE OF STEEL SLAG IN CONCRETE AND CEMENT,FY24,Department of Transportation,Office of the Secretary of Tranportation (OST) Procurement Operations,N28,Advance Environmental Science Research
20.95,Bridge and Other Transportation Infrastructure Research Program,FY24,Department of Transportation,Office of the Secretary of Tranportation (OST) Procurement Operations,36,Increase Commercialization of Innovations
