al_#,Title,AL# FY,Agency,Sub-agency,FPI GWO,GWO ID
12.002,Procurement Technical Assistance For Business Firms,FY24,Department of Defense,Washington Headquarters Services (WHS),Accelerate Development of Commercial Products and Technologies,B5
12.01,Youth Conservation Services,FY24,Department of Defense,Department of the Army,Improve Conservation of Natural Habitats and Ecosystems,Q1
12.012,"Management of Undersirable Plants on Federal Lands, 7 U.S.C. 2814",FY24,Department of Defense,Department of the Army,Improve Forest and Land Stewardship,Q3
12.017,Readiness and Environmental Protection Integration (REPI) Program,FY24,Department of Defense,Washington Headquarters Services (WHS),Improve Conservation of Natural Habitats and Ecosystems,Q1
12.022,DoD Mentor-Protege Program,FY24,Department of Defense,Immediate Office of the Secretary of Defense,Strengthen Military Readiness,ND3
12.024,Defense Security Cooperation University - Sponsored Research,FY24,Department of Defense,DEFENSE SECURITY COOPERATION AGENCY (DSCA),Strengthen Military Readiness,ND3
12.029,Community Noise Mitigation Program,FY24,Department of Defense,Office of Local Defense Community Cooperation,Strengthen Military Readiness,ND3
12.369,Marine Corps Systems Command Federal Assistance Program,FY24,Department of Defense,Department Of The Navy,End Substance Use Disorder,L3
12.4,"Military Construction, National Guard",FY24,Department of Defense,Department of the Army,Strengthen Military Readiness,ND3
12.404,National Guard ChalleNGe Program,FY24,Department of Defense,Department of the Army,Improve K-12 Academic Performance,G5
12.551,National Security Education Program David L. Boren Scholarships,FY24,Department of Defense,DEFENSE HUMAN RESOURCES ACTIVITY,Strengthen Military Readiness,ND3
12.552,National Security Education Program David L. Boren Fellowships,FY24,Department of Defense,DEFENSE HUMAN RESOURCES ACTIVITY,Strengthen Military Readiness,ND3
12.554,English for Heritage Language Speakers Grants to U.S. Institutions of Higher Education,FY24,Department of Defense,DEFENSE HUMAN RESOURCES ACTIVITY,Strengthen Military Readiness,ND3
12.604,Community Economic Adjustment Assistance for Reductions in Defense Spending,FY24,Department of Defense,Office of Local Defense Community Cooperation,Strengthen Community and Regional Development,C1
12.611,Community Economic Adjustment Assistance for Reductions in Defense Industry Employment,FY24,Department of Defense,Office of Local Defense Community Cooperation,Strengthen Community and Regional Development,C1
12.618,Community Economic Adjustment Assistance for Establishment or Expansion of a Military Installation,FY24,Department of Defense,Office of Local Defense Community Cooperation,Strengthen Military Readiness,ND3
12.631,"Science, Technology, Engineering and Mathematics (STEM) Educational Program: Science, Mathematics And Research for Transformation (SMART)",FY24,Department of Defense,DEFENSE INTELLIGENCE AGENCY (DIA),Grow the STEM Workforce,H6
12.74,Past Conflict Accounting,FY24,Department of Defense,DEFENSE POW-MIA ACCOUNTING AGENCY (DPAA),Strengthen Military Readiness,ND3
12.75,Uniformed Services University Medical Research Projects,FY24,Department of Defense,Uniformed Services University of the Health Sciences,Advance Scientific Research in Health and Medicine,L17
12.6,Community Investment,FY24,Department of Defense,Office of Local Defense Community Cooperation,Strengthen Community and Regional Development,C1
12.003,Community Economic Adjustment Assistance for Responding to Threats to the Resilience of a Military Installation,FY24,Department of Defense,Office of Local Defense Community Cooperation,Strengthen Military Readiness,ND3
12.004,Fort Huachuca Sentinel Landscapes for Military Training,FY24,Department of Defense,Department of the Army,Strengthen Military Readiness,ND3
12.005,Conservation and Rehabilitation of Natural Resources on Military Installations,FY24,Department of Defense,Department of the Army,Improve Conservation of Wildlife and Natural Resources,Q2
12.006,National Defense Education Program,FY24,Department of Defense,DEFENSE INTELLIGENCE AGENCY (DIA),"Increase Completion of STEM Degrees, Certificates, and Credentials",G11
12.007,Military Health Services Research (MHSR),FY24,Department of Defense,Defense Health Agency (DHA),Improve Capacity of the Healthcare System,L18
12.008,Dredged Material Containment Area,FY24,Department of Defense,Department of the Army,Reduce Environmental Hazards,J3
12.014,OnRampII,FY24,Department of Defense,NATIONAL SECURITY AGENCY (NSA),Strengthen STEM Education,G10
12.015,Past Conflict Accounting - Vietnam,FY24,Department of Defense,Washington Headquarters Services (WHS),Strengthen Diplomatic Relations,IA4
12.016,Transportation - DASH 102X and WMATA 7M Shuttles,FY24,Department of Defense,Washington Headquarters Services (WHS),Sustain Public Roadway System,T3
12.019,Pacific Center Disaster (PDC) Program,FY24,Department of Defense,Washington Headquarters Services (WHS),Increase Disaster Resilience and Response Readiness,F2
12.02,STARBASE Program,FY24,Department of Defense,Department of the Army,Strengthen Preparation for STEM Education,G12
12.021,Army National Guard Army Compatible Use Buffer Program,FY24,Department of Defense,Department of the Army,Improve Forest and Land Stewardship,Q3
12.025,Native American Consultation to Identify Sacred Sites and Traditional Cultural Properties,FY24,Department of Defense,Department of the Army,Provide Cultural Educational Experiences,E3
12.026,Corps Water Infrastructure Financing Program (CWIFP),FY24,Department of Defense,Department of the Army,Increase Disaster Resilience and Response Readiness,F2
12.027,Defense Community Infrastructure Program,FY24,Department of Defense,Office of Local Defense Community Cooperation,Strengthen Military Readiness,ND3
12.113,State Memorandum of Agreement Program for the Reimbursement of Technical Services,FY24,Department of Defense,Department of the Army,Reduce Environmental Hazards,J3
12.114,Collaborative Research and Development,FY24,Department of Defense,Department of the Army,Accelerate Development of Commercial Products and Technologies,B5
12.116,Department of Defense Appropriation Act of 2003,FY24,Department of Defense,Department of the Army,Improve Forest and Land Stewardship,Q3
12.219,Ease 3.0,FY24,Department of Defense,N/A,Protect Constitutional and Civil Rights,P6
12.225,Commercial Technologies for Maintenance Activities Program,FY24,Department of Defense,N/A,Accelerate Development of Commercial Products and Technologies,B5
12.3,Basic and Applied Scientific Research,FY24,Department of Defense,Department Of The Navy,Advance Defense Research,ND2
12.33,"Science, Technology, Engineering & Mathematics (STEM) Education, Outreach and Workforce Program",FY24,Department of Defense,Department Of The Navy,Strengthen Preparation for STEM Education,G12
12.333,"Advanced Manufacturing Technology - Office of the Secretary of Defense (OSD), Manufacturing Technology (ManTech) Program",FY24,Department of Defense,Immediate Office of the Secretary of Defense,Advance Defense Research,ND2
12.335,"Navy  Command, Control, Communications, Computers, Intelligence, Surveillance, and Reconnaissance ",FY24,Department of Defense,Department Of The Navy,Advance Defense Research,ND2
12.34,Naval Medical Research and Development,FY24,Department of Defense,Department Of The Navy,Ensure Patient Safety and Privacy ,L19
12.35,Department of Defense HIV/AIDS Prevention Program,FY24,Department of Defense,Department of the Army,Provide International Development and Humanitarian Assistance,IA3
12.351,Scientific Research - Combating Weapons of Mass Destruction,FY24,Department of Defense,Defense Threat Reduction Agency (DTRA),Advance Defense Research,ND2
12.355,Pest Management and Vector Control Research,FY24,Department of Defense,Department of the Army,Advance Scientific Research in Health and Medicine,L17
12.357,ROTC Language and Culture Training Grants,FY24,Department of Defense,DEFENSE HUMAN RESOURCES ACTIVITY,Improve Military Training and Education,ND1
12.36,Research on Chemical and Biological Defense,FY24,Department of Defense,Department of the Army,Support Veterans' Health,L22
12.401,National Guard Military Operations and Maintenance (O&M) Projects,FY24,Department of Defense,Department of the Army,Strengthen Military Readiness,ND3
12.42,Military Medical Research and Development,FY24,Department of Defense,Department of the Army,Advance Scientific Research in Health and Medicine,L17
12.431,Basic Scientific Research,FY24,Department of Defense,Department of the Army,Advance Defense Research,ND2
12.44,Dissertation Year Fellowship,FY24,Department of Defense,Department of the Army,Advance Defense Research,ND2
12.46,Fisher House Foundation,FY24,Department of Defense,Department of the Army,Support Affordable Housing,M2
12.501,Training and Support – Combating Weapons of Mass Destruction,FY24,Department of Defense,Defense Threat Reduction Agency (DTRA),Strengthen Military Readiness,ND3
12.55,The Language Flagship Grants to Institutions of Higher Education,FY24,Department of Defense,DEFENSE HUMAN RESOURCES ACTIVITY,Strengthen Military Readiness,ND3
12.556,Competitive Grants: Promoting K-12 Student Achievement at Military-Connected Schools,FY24,Department of Defense,N/A,Improve K-12 Academic Performance,G5
12.558,"Department of Defense Impact Aid (Supplement, CWSD, BRAC)",FY24,Department of Defense,Department of Defense Education Activity (DODEA),Improve K-12 Academic Performance,G5
12.56,"DOD, NDEP, DOTC-STEM Education Outreach Implementation",FY24,Department of Defense,Immediate Office of the Secretary of Defense,Increase Quality of STEM Education,G13
12.579,Language Training Center,FY24,Department of Defense,DEFENSE HUMAN RESOURCES ACTIVITY,Improve Military Training and Education,ND1
12.599,Congressionally Directed Assistance,FY24,Department of Defense,Washington Headquarters Services (WHS),Strengthen Military Readiness,ND3
12.607,Community Economic Adjustment Assistance for Realignment or Closure of a Military Installation,FY24,Department of Defense,Office of Local Defense Community Cooperation,Strengthen Community and Regional Development,C1
12.61,Community Economic Adjustment Assistance for Compatible Use and Joint Land Use Studies,FY24,Department of Defense,Office of Local Defense Community Cooperation,Strengthen Military Readiness,ND3
12.614,Community Economic Adjustment Assistance for Advance Planning and Economic Diversification,FY24,Department of Defense,Office of Local Defense Community Cooperation,Strengthen Community and Regional Development,C1
12.615,Research and Technical Assistance,FY24,Department of Defense,Office of Local Defense Community Cooperation,Strengthen Community and Regional Development,C1
12.617,Economic Adjustment Assistance for State Governments,FY24,Department of Defense,Office of Local Defense Community Cooperation,Strengthen Community and Regional Development,C1
12.62,Troops to Teachers Grant Program,FY24,Department of Defense,N/A,Strengthen Educator Workforce Quality,G4
12.63,"Basic, Applied, and Advanced Research in Science and Engineering",FY24,Department of Defense,Washington Headquarters Services (WHS),Advance Defense Research,ND2
12.632,Legacy Resource Management Program,FY24,Department of Defense,Immediate Office of the Secretary of Defense,Improve Conservation of Natural Habitats and Ecosystems,Q1
12.777,Defense Production Act Title III (DPA Title III),FY24,Department of Defense,Department of the Air Force,Strengthen Military Readiness,ND3
12.8,Air Force Defense Research Sciences Program,FY24,Department of Defense,Department of the Air Force,Advance Defense Research,ND2
12.801,Air Force Academy Athletic Programs,FY24,Department of Defense,Department of the Air Force,Experience America's Natural Beauty and Public Landscapes,Q6
12.81,Air Force Medical Research and Development,FY24,Department of Defense,Department of the Air Force,Advance Scientific Research in Health and Medicine,L17
12.84,Civil Air Patrol Program,FY24,Department of Defense,Department of the Air Force,Improve Military Training and Education,ND1
12.9,Language Grant Program,FY24,Department of Defense,NATIONAL SECURITY AGENCY (NSA),Strengthen Preparation for Post-Secondary Education,G9
12.901,Mathematical Sciences Grants,FY24,Department of Defense,NATIONAL SECURITY AGENCY (NSA),Increase Quality of STEM Education,G13
12.902,Information Security Grants,FY24,Department of Defense,NATIONAL SECURITY AGENCY (NSA),Harden Cyber Defenses,P12
12.903,GenCyber Grants Program,FY24,Department of Defense,NATIONAL SECURITY AGENCY (NSA),Strengthen Preparation for STEM Education,G12
12.905,CyberSecurity Core Curriculum,FY24,Department of Defense,NATIONAL SECURITY AGENCY (NSA),Harden Cyber Defenses,P12
12.91,Research and Technology Development,FY24,Department of Defense,Defense Advanced Research Projects Agency  (DARPA),Advance Defense Research,ND2
12.987,Upper San Pedro Partnership Support,FY24,Department of Defense,Department of the Army,Improve Water Resource and Ecosystem Management,Q4
16.015,Missing Alzheimer's Disease Patient Assistance Program,FY24,Department of Justice,Office of Justice Programs,Ensure Law Enforcement Readiness,P2
16.024,Tribal Sexual Assault Services Program,FY24,Department of Justice,Boards and Divisions Offices,Support Survivors of Crime,P3
16.026,OVW Research and Evaluation Program,FY24,Department of Justice,Boards and Divisions Offices,Eliminate Crime,P4
16.029,Office on Violence Against Women Special Projects,FY24,Department of Justice,Boards and Divisions Offices,Eliminate Crime,P4
16.031,Emmett Till Cold Case Investigations Program,FY24,Department of Justice,Office of Justice Programs,Eliminate Crime,P4
16.034,Coronavirus Emergency Supplemental Funding Program,FY24,Department of Justice,Office of Justice Programs,Ensure Law Enforcement Readiness,P2
16.035,Preventing Trafficking of Girls,FY24,Department of Justice,Office of Justice Programs,Support Survivors of Crime,P3
16.04,"Matthew Shepard and James Byrd, Jr. Hate Crimes Education, Investigation and Prosecution Program",FY24,Department of Justice,Office of Justice Programs,Ensure Law Enforcement Readiness,P2
16.043,Veterans Treatment Court Discretionary Grant Program,FY24,Department of Justice,Office of Justice Programs,End Criminal Recidivism,P5
16.046,Drug Data Research Center to Combat the Opioid Crisis,FY24,Department of Justice,Office of Justice Programs,Eliminate Crime,P4
16.049,Supporting Vulnerable and At-Risk Youth Transitioning out of Foster Care,FY24,Department of Justice,N/A,Eliminate Crime,P4
16.061,National Resource Center on Cybercrimes Against Individuals,FY24,Department of Justice,Boards and Divisions Offices,Eliminate Crime,P4
16.062,Grants to State and Tribal Courts to Implement Protection Order Pilot Programs,FY24,Department of Justice,Boards and Divisions Offices,Support Survivors of Crime,P3
16.067,Family-Based Alternative Justice Program,FY24,Department of Justice,N/A,Eliminate Crime,P4
16.305,Law Enforcement Assistance Uniform Crime Reports,FY24,Department of Justice,Federal Bureau of Investigation,Eliminate Crime,P4
16.526,OVW Technical Assistance Initiative,FY24,Department of Justice,Boards and Divisions Offices,Eliminate Crime,P4
16.528,Enhanced Training and Services to End Violence and Abuse of Women Later in Life,FY24,Department of Justice,Boards and Divisions Offices,Eliminate Crime,P4
16.54,Juvenile Justice and Delinquency Prevention,FY24,Department of Justice,Office of Justice Programs,End Criminal Recidivism,P5
16.556,State Domestic Violence and Sexual Assault Coalitions,FY24,Department of Justice,Boards and Divisions Offices,Eliminate Crime,P4
16.588,Violence Against Women Formula Grants,FY24,Department of Justice,Boards and Divisions Offices,Eliminate Crime,P4
16.59,Grants to Encourage Arrest Policies and Enforcement of Protection Orders Program,FY24,Department of Justice,Boards and Divisions Offices,Eliminate Crime,P4
16.593,Residential Substance Abuse Treatment for State Prisoners,FY24,Department of Justice,Office of Justice Programs,End Criminal Recidivism,P5
16.596,Trible Justice Assistance,FY24,Department of Justice,Office of Justice Programs,Strengthen Tribal Self-Governance,P7
16.606,State Criminal Alien Assistance Program,FY24,Department of Justice,Office of Justice Programs,Eliminate Crime,P4
16.608,Tribal Justice Systems,FY24,Department of Justice,Office of Justice Programs,Strengthen Tribal Self-Governance,P7
16.615,Public Safety Officers' Educational Assistance,FY24,Department of Justice,Office of Justice Programs,Support Survivors of Crime,P3
16.726,Juvenile Mentoring Program,FY24,Department of Justice,Office of Justice Programs,Eliminate Crime,P4
16.745,Criminal and Juvenile Justice and Mental Health Collaboration Program,FY24,Department of Justice,Office of Justice Programs,Ensure Law Enforcement Readiness,P2
16.752,"Economic, High-Tech, and Cyber Crime Prevention",FY24,Department of Justice,Office of Justice Programs,Ensure Law Enforcement Readiness,P2
16.754,Harold Rogers Prescription Drug Monitoring Program,FY24,Department of Justice,Office of Justice Programs,Ensure Law Enforcement Readiness,P2
16.757,Judicial Training on Child Maltreatment for Court Personnel Juvenile Justice Programs,FY24,Department of Justice,Office of Justice Programs,Ensure Law Enforcement Readiness,P2
16.758,Improving the Investigation and Prosecution of Child Abuse and the Regional and Local Children's Advocacy Centers,FY24,Department of Justice,Office of Justice Programs,Ensure Law Enforcement Readiness,P2
16.818,Children Exposed to Violence,FY24,Department of Justice,Office of Justice Programs,Eliminate Crime,P4
16.823,Emergency Planning for Juvenile Justice Facilities,FY24,Department of Justice,Office of Justice Programs,Ensure Law Enforcement Readiness,P2
16.838,"Comprehensive Opioid, Stimulant, and other Substances Use Program",FY24,Department of Justice,Office of Justice Programs,End Criminal Recidivism,P5
16.839,STOP School Violence,FY24,Department of Justice,Office of Justice Programs,Eliminate Crime,P4
16.842,Opioid Affected Youth Initiative,FY24,Department of Justice,Office of Justice Programs,Eliminate Crime,P4
16.016,Culturally and Linguistically Specific Services Program,FY24,Department of Justice,Boards and Divisions Offices,Support Survivors of Crime,P3
16.017,Sexual Assault Services Formula Program ,FY24,Department of Justice,Boards and Divisions Offices,Support Survivors of Crime,P3
16.019,Tribal Registry,FY24,Department of Justice,Boards and Divisions Offices,Strengthen Tribal Self-Governance,P7
16.021,Justice Systems Response to Families,FY24,Department of Justice,Boards and Divisions Offices,Support Survivors of Crime,P3
16.023,Sexual Assault Services Culturally Specific Program,FY24,Department of Justice,Boards and Divisions Offices,Support Survivors of Crime,P3
16.025,Special Domestic Violence Criminal Jurisdiction Implementation,FY24,Department of Justice,Boards and Divisions Offices,Strengthen Tribal Self-Governance,P7
16.027,National Clearinghouse on Sexual Assault of American Indian and Alaska Native Women,FY24,Department of Justice,Boards and Divisions Offices,Support Survivors of Crime,P3
16.028,"Resource Center on Workplace Response to Domestic Violence, Dating Violence, Sexual Assault, and Stalking",FY24,Department of Justice,Boards and Divisions Offices,Support Survivors of Crime,P3
16.03,National Center on Restorative Justice,FY24,Department of Justice,Office of Justice Programs,Ensure Law Enforcement Readiness,P2
16.032,Academic-based Drug Field Testing and Training Initiative,FY24,Department of Justice,Office of Justice Programs,Advance the Capabilities of the Forensic Sciences,P1
16.036,Comprehensive Forensic DNA Analysis Grant Program,FY24,Department of Justice,Office of Justice Programs,Advance the Capabilities of the Forensic Sciences,P1
16.037,Strengthening the Medical Examiner - Coroner System,FY24,Department of Justice,Office of Justice Programs,Advance the Capabilities of the Forensic Sciences,P1
16.038,National Decertification Index,FY24,Department of Justice,Office of Justice Programs,Eliminate Crime,P4
16.039,Rural Violent Crime Initiative,FY24,Department of Justice,Office of Justice Programs,Eliminate Crime,P4
16.041,National Ashanti Alert Network Training and Technical Assistance Program,FY24,Department of Justice,N/A,Eliminate Crime,P4
16.042,Security Assistance Reimbursement Grant Program,FY24,Department of Justice,Office of Justice Programs,Ensure Law Enforcement Readiness,P2
16.044,Forensics Training and Technical Assistance Program,FY24,Department of Justice,Office of Justice Programs,Advance the Capabilities of the Forensic Sciences,P1
16.045,Community-Based Violence Intervention and Prevention Initiative,FY24,Department of Justice,Office of Justice Programs,Eliminate Crime,P4
16.047,Community-Based Approaches to Advancing Justice,FY24,Department of Justice,Office of Justice Programs,Eliminate Crime,P4
16.048,Khalid Jabara and Heather Heyer NO HATE Act,FY24,Department of Justice,Office of Justice Programs,Support Survivors of Crime,P3
16.05,Missing and Unidentified Human Remains (MUHR) Program,FY24,Department of Justice,N/A,Advance the Capabilities of the Forensic Sciences,P1
16.051,Crime Gun Intelligence Training and Education,FY24,Department of Justice,Office of Justice Programs,Eliminate Crime,P4
16.052,"Restorative Practices to Address Domestic Violence, Dating Violence, Sexual Assault, and Stalking",FY24,Department of Justice,Boards and Divisions Offices,Eliminate Crime,P4
16.053,Sexual Assault Forensic Examinations,FY24,Department of Justice,Office of Justice Programs,Advance the Capabilities of the Forensic Sciences,P1
16.054,Virtual Reality De-escalation Training,FY24,Department of Justice,Office of Justice Programs,Ensure Law Enforcement Readiness,P2
16.055,Tribal Special Assistant United States Attorneys,FY24,Department of Justice,Boards and Divisions Offices,Strengthen Tribal Self-Governance,P7
16.056,National Deaf Services Line,FY24,Department of Justice,Boards and Divisions Offices,Support Survivors of Crime,P3
16.057,OVW LGBT Specific Services Program,FY24,Department of Justice,Boards and Divisions Offices,Support Survivors of Crime,P3
16.058,"Demonstration Program on Trauma-Informed, Victim Centered Training for Law Enforcement",FY24,Department of Justice,Boards and Divisions Offices,Support Survivors of Crime,P3
16.059,Tribal Special Criminal Jurisdiction Reimbursement,FY24,Department of Justice,Boards and Divisions Offices,Strengthen Tribal Self-Governance,P7
16.06,Local Law Enforcement Grants for Enforcement of Cybercrimes,FY24,Department of Justice,Boards and Divisions Offices,Eliminate Crime,P4
16.063,"Financial Assistance to Victims of Domestic Violence, Dating Violence, Sexual Assault, and Stalking",FY24,Department of Justice,Boards and Divisions Offices,Support Survivors of Crime,P3
16.064,Sexual Assault Forensic Exam Training and Services,FY24,Department of Justice,Boards and Divisions Offices,Advance the Capabilities of the Forensic Sciences,P1
16.065,Training to Improve Police-Based Responses to the People with Mental Illness,FY24,Department of Justice,Office of Justice Programs,Ensure Law Enforcement Readiness,P2
16.066,Officer Robert Wilson III Preventing Violence Against Law Enforcement Officers and Ensuring Officer Resilience and Survivability (VALOR),FY24,Department of Justice,N/A,Ensure Law Enforcement Readiness,P2
16.123,Community-Based Violence Prevention Program,FY24,Department of Justice,Office of Justice Programs,Eliminate Crime,P4
16.3,Law Enforcement Assistance FBI Advanced Police Training,FY24,Department of Justice,Federal Bureau of Investigation,Ensure Law Enforcement Readiness,P2
16.301,Law Enforcement Assistance FBI Crime Laboratory Support,FY24,Department of Justice,Federal Bureau of Investigation,Advance the Capabilities of the Forensic Sciences,P1
16.302,Law Enforcement Assistance FBI Field Police Training,FY24,Department of Justice,Federal Bureau of Investigation,Ensure Law Enforcement Readiness,P2
16.303,Law Enforcement Assistance FBI Fingerprint Identification,FY24,Department of Justice,Federal Bureau of Investigation,Advance the Capabilities of the Forensic Sciences,P1
16.304,Law Enforcement Assistance National Crime Information Center,FY24,Department of Justice,Federal Bureau of Investigation,Eliminate Crime,P4
16.307,Combined DNA Index System,FY24,Department of Justice,Federal Bureau of Investigation,Advance the Capabilities of the Forensic Sciences,P1
16.308,Indian Country Investigations,FY24,Department of Justice,Federal Bureau of Investigation,Strengthen Tribal Self-Governance,P7
16.309,Law Enforcement Assistance National Instant Criminal Background Check System,FY24,Department of Justice,Federal Bureau of Investigation,Eliminate Crime,P4
16.32,Services for Trafficking Victims,FY24,Department of Justice,Office of Justice Programs,Support Survivors of Crime,P3
16.321,Antiterrorism Emergency Reserve,FY24,Department of Justice,Office of Justice Programs,Support Survivors of Crime,P3
16.524,Legal Assistance for Victims,FY24,Department of Justice,Boards and Divisions Offices,Support Survivors of Crime,P3
16.525,"Grants to Reduce Domestic Violence, Dating Violence, Sexual Assault, and Stalking on Campus",FY24,Department of Justice,Boards and Divisions Offices,Eliminate Crime,P4
16.529,"Education, Training, and Enhanced Services to End Violence Against and Abuse of Women with Disabilities ",FY24,Department of Justice,Boards and Divisions Offices,Support Survivors of Crime,P3
16.543,Missing Children's Assistance,FY24,Department of Justice,Office of Justice Programs,Ensure Law Enforcement Readiness,P2
16.548,Delinquency Prevention Program,FY24,Department of Justice,Office of Justice Programs,Eliminate Crime,P4
16.55,State Justice Statistics Program for Statistical Analysis Centers,FY24,Department of Justice,Office of Justice Programs,Eliminate Crime,P4
16.554,National Criminal History Improvement Program (NCHIP),FY24,Department of Justice,Office of Justice Programs,Ensure Law Enforcement Readiness,P2
16.557,Tribal Domestic Violence and Sexual Assault Coalitions Grant Program,FY24,Department of Justice,Boards and Divisions Offices,Strengthen Tribal Self-Governance,P7
16.56,"National Institute of Justice Research, Evaluation, and Development Project Grants",FY24,Department of Justice,Office of Justice Programs,Eliminate Crime,P4
16.571,Public Safety Officers' Benefits Program,FY24,Department of Justice,Office of Justice Programs,Support Survivors of Crime,P3
16.575,Crime Victim Assistance,FY24,Department of Justice,Office of Justice Programs,Support Survivors of Crime,P3
16.576,Crime Victim Compensation,FY24,Department of Justice,Office of Justice Programs,Support Survivors of Crime,P3
16.578,Public Benefit Conveyance Program,FY24,Department of Justice,Office of Justice Programs,Ensure Law Enforcement Readiness,P2
16.582,Crime Victim Assistance/Discretionary Grants,FY24,Department of Justice,Office of Justice Programs,Support Survivors of Crime,P3
16.583,Children's Justice Act Partnerships for Indian Communities,FY24,Department of Justice,Office of Justice Programs,Strengthen Tribal Self-Governance,P7
16.585,Treatment Court Discretionary Grant Program,FY24,Department of Justice,Office of Justice Programs,End Criminal Recidivism,P5
16.587,Violence Against Women Discretionary Grants for Indian Tribal Governments,FY24,Department of Justice,Boards and Divisions Offices,Strengthen Tribal Self-Governance,P7
16.589,"Rural Domestic Violence, Dating Violence, Sexual Assault, and Stalking Assistance Program",FY24,Department of Justice,Boards and Divisions Offices,Support Survivors of Crime,P3
16.601,Corrections Training and Staff Development,FY24,Department of Justice,Bureau of Prisons,Ensure Law Enforcement Readiness,P2
16.602,Corrections Research and Evaluation and Policy Formulation,FY24,Department of Justice,Bureau of Prisons,Eliminate Crime,P4
16.603,Corrections Technical Assistance/Clearinghouse,FY24,Department of Justice,Bureau of Prisons,Ensure Law Enforcement Readiness,P2
16.607,Bulletproof Vest Partnership Program,FY24,Department of Justice,Office of Justice Programs,Ensure Law Enforcement Readiness,P2
16.609,Project Safe Neighborhoods,FY24,Department of Justice,Office of Justice Programs,Eliminate Crime,P4
16.61,Regional Information Sharing Systems,FY24,Department of Justice,Office of Justice Programs,Eliminate Crime,P4
16.614,State and Local Anti-Terrorism Training,FY24,Department of Justice,Office of Justice Programs,Ensure Law Enforcement Readiness,P2
16.71,Public Safety Partnership and Community Policing Grants,FY24,Department of Justice,Boards and Divisions Offices,Eliminate Crime,P4
16.731,Tribal Youth Program,FY24,Department of Justice,Office of Justice Programs,Strengthen Tribal Self-Governance,P7
16.734,Special Data Collections and Statistical Studies,FY24,Department of Justice,Office of Justice Programs,Ensure Law Enforcement Readiness,P2
16.735,PREA Program: Strategic Support for PREA Implementation ,FY24,Department of Justice,Office of Justice Programs,Eliminate Crime,P4
16.736,"Transitional Housing Assistance for Victims of Domestic Violence, Dating Violence, Stalking, or Sexual Assault ",FY24,Department of Justice,Boards and Divisions Offices,Support Survivors of Crime,P3
16.738,Edward Byrne Memorial Justice Assistance Grant Program,FY24,Department of Justice,Office of Justice Programs,Ensure Law Enforcement Readiness,P2
16.739,National Prison Rape Statistics Program ,FY24,Department of Justice,Office of Justice Programs,Eliminate Crime,P4
16.741,DNA Backlog Reduction Program,FY24,Department of Justice,Office of Justice Programs,Advance the Capabilities of the Forensic Sciences,P1
16.742,Paul Coverdell Forensic Sciences Improvement Grant Program,FY24,Department of Justice,Office of Justice Programs,Advance the Capabilities of the Forensic Sciences,P1
16.746,Capital Case Litigation Initiative,FY24,Department of Justice,Office of Justice Programs,Protect Constitutional and Civil Rights,P6
16.75,Support for Adam Walsh Act Implementation Grant Program,FY24,Department of Justice,Office of Justice Programs,Ensure Law Enforcement Readiness,P2
16.751,Edward Byrne Memorial Competitive Grant Program,FY24,Department of Justice,Office of Justice Programs,Eliminate Crime,P4
16.753,Congressionally Recommended Awards ,FY24,Department of Justice,Office of Justice Programs,Support Survivors of Crime,P3
16.756,Court Appointed Special Advocates,FY24,Department of Justice,Office of Justice Programs,Support Survivors of Crime,P3
16.812,Second Chance Act Reentry Initiative,FY24,Department of Justice,Office of Justice Programs,End Criminal Recidivism,P5
16.813,NICS Act Record Improvement Program,FY24,Department of Justice,Office of Justice Programs,Ensure Law Enforcement Readiness,P2
16.815,"Tribal Civil and Criminal Legal Assistance Grants, Training and Technical Assistance",FY24,Department of Justice,Office of Justice Programs,Strengthen Tribal Self-Governance,P7
16.816,John R.  Justice Prosecutors and Defenders Incentive Act,FY24,Department of Justice,Office of Justice Programs,Ensure Law Enforcement Readiness,P2
16.817,Byrne Criminal Justice Innovation Program,FY24,Department of Justice,Office of Justice Programs,Eliminate Crime,P4
16.82,Postconviction Testing of DNA Evidence,FY24,Department of Justice,Office of Justice Programs,Advance the Capabilities of the Forensic Sciences,P1
16.824,Emergency Law Enforcement Assistance Grant,FY24,Department of Justice,Office of Justice Programs,Ensure Law Enforcement Readiness,P2
16.825,Smart Prosecution Initiative,FY24,Department of Justice,Office of Justice Programs,Eliminate Crime,P4
16.827,Justice Reinvestment Initiative,FY24,Department of Justice,Office of Justice Programs,Eliminate Crime,P4
16.828,"Swift, Certain, and Fair Supervision Program: Applying the Principles Behind Project HOPE",FY24,Department of Justice,Office of Justice Programs,Eliminate Crime,P4
16.83,Girls in the Juvenile Justice System ,FY24,Department of Justice,Office of Justice Programs,Eliminate Crime,P4
16.831,Children of Incarcerated Parents ,FY24,Department of Justice,Office of Justice Programs,End Criminal Recidivism,P5
16.833,National Sexual Assault Kit Initiative,FY24,Department of Justice,Office of Justice Programs,Advance the Capabilities of the Forensic Sciences,P1
16.834,Domestic Trafficking Victim Program ,FY24,Department of Justice,Office of Justice Programs,Support Survivors of Crime,P3
16.835,Body Worn Camera Policy and Implementation,FY24,Department of Justice,Office of Justice Programs,Ensure Law Enforcement Readiness,P2
16.836,Indigent Defense,FY24,Department of Justice,Office of Justice Programs,Protect Constitutional and Civil Rights,P6
16.84,Keep Young Athletes Safe,FY24,Department of Justice,Office of Justice Programs,Eliminate Crime,P4
16.841,VOCA Tribal Victim Services Set-Aside Program,FY24,Department of Justice,Office of Justice Programs,Support Survivors of Crime,P3
16.844,Combatting Contraband Cell Phone Use in Prisons,FY24,Department of Justice,Office of Justice Programs,Eliminate Crime,P4
16.888,Consolidated And Technical Assistance Grant Program to Address Children and Youth Experiencing Domestic and Sexual Violence and Engage Men and Boys as Allies ,FY24,Department of Justice,Boards and Divisions Offices,Eliminate Crime,P4
16.889,Grants for Outreach and Services to Underserved Populations,FY24,Department of Justice,Boards and Divisions Offices,Support Survivors of Crime,P3
16.922,Equitable Sharing Program,FY24,Department of Justice,Boards and Divisions Offices,Eliminate Crime,P4
16.001,Law Enforcement Assistance Narcotics and Dangerous Drugs Laboratory Analysis,FY24,Department of Justice,Drug Enforcement Administration,Advance the Capabilities of the Forensic Sciences,P1
16.003,Law Enforcement Assistance Narcotics and Dangerous Drugs Technical Laboratory Publications,FY24,Department of Justice,Drug Enforcement Administration,Eliminate Crime,P4
16.004,Law Enforcement Assistance Narcotics and Dangerous Drugs Training,FY24,Department of Justice,Drug Enforcement Administration,Advance the Capabilities of the Forensic Sciences,P1
20.313,Railroad Research and Development,FY24,Department of Transportation,Federal Railroad Administration (FRA),Increase Scientific Research and Knowledge,S1
20.5,Federal Transit Capital Investment Grants,FY24,Department of Transportation,Federal Transit Administration (FTA),Sustain Public Roadway System,T3
20.507,Federal Transit Formula Grants,FY24,Department of Transportation,Federal Transit Administration (FTA),Sustain Public Roadway System,T3
20.52,Paul S. Sarbanes Transit in the Parks,FY24,Department of Transportation,Federal Transit Administration (FTA),Sustain Public Roadway System,T3
20.524,Passenger Rail Investment and Improvement (PRIIA)  Projects for Washington Metropolitan Area Transit Authority (WMATA),FY24,Department of Transportation,Federal Transit Administration (FTA),Increase Safety of Public Transit,T7
20.528,Rail Fixed Guideway Public Transportation System State Safety Oversight Formula Grant Program,FY24,Department of Transportation,Federal Transit Administration (FTA),Increase Safety of Public Transit,T7
20.532,"Passenger Ferry Grant Program, Electric or Low-Emitting Ferry Pilot Program, and Ferry Service for Rural Communities Program",FY24,Department of Transportation,Federal Transit Administration (FTA),Sustain Public Roadway System,T3
20.611,Incentive Grant Program to Prohibit Racial Profiling,FY24,Department of Transportation,National Highway Traffic Safety Administration (NHTSA),Eliminate Crime,P4
20.803,Maritime War Risk Insurance,FY24,Department of Transportation,Maritime Administration (MARAD),Protect Critical Infrastructure,P13
20.817,Air Emissions and Energy Initiative,FY24,Department of Transportation,Maritime Administration (MARAD),Expand Domestic Energy Production,I2
20.901,Payments for Essential Air Services,FY24,Department of Transportation,Office of the Secretary of Tranportation (OST) Procurement Operations,Strengthen Community and Regional Development,C1
20.91,Assistance to Small and Disadvantaged Businesses,FY24,Department of Transportation,Office of the Secretary of Tranportation (OST) Procurement Operations,Grow American Businesses,B2
20.93,Payments for Small Community Air Service Development,FY24,Department of Transportation,Office of the Secretary of Tranportation (OST) Procurement Operations,Strengthen Community and Regional Development,C1
20.946,Research Partnership on Climate Change and Transportation,FY24,Department of Transportation,Office of the Secretary of Tranportation (OST) Procurement Operations,Increase Disaster Resilience and Response Readiness,F2
20.949,RESEARCH INITIATIVE ON THE USE OF STEEL SLAG IN CONCRETE AND CEMENT,FY24,Department of Transportation,Office of the Secretary of Tranportation (OST) Procurement Operations,Accelerate Development of Commercial Products and Technologies,B5
20.223,Transportation Infrastructure Finance and Innovation Act (TIFIA) Program,FY24,Department of Transportation,Office of the Secretary of Tranportation (OST) Procurement Operations,Sustain Public Infrastructure System,T6
20.933,National Infrastructure Investments ,FY24,Department of Transportation,Office of the Secretary of Tranportation (OST) Procurement Operations,Sustain Public Infrastructure System,T6
20.937,National Infrastructure Project Assistance (Mega Projects),FY24,Department of Transportation,Office of the Secretary of Tranportation (OST) Procurement Operations,Sustain Public Infrastructure System,T6
20.94,Reconnecting Communities Pilot (RCP) Discretionary Grant Program,FY24,Department of Transportation,Office of the Secretary of Tranportation (OST) Procurement Operations,Strengthen Community and Regional Development,C1
20.943,Rural and Tribal Assistance Pilot Program,FY24,Department of Transportation,Office of the Secretary of Tranportation (OST) Procurement Operations,Strengthen Community and Regional Development,C1
20.945,Asset Concessions and Innovative Finance Assistance,FY24,Department of Transportation,Office of the Secretary of Tranportation (OST) Procurement Operations,Strengthen Community and Regional Development,C1
20.947,Advanced Bridge Technology Clearinghouse (ABTC) Development,FY24,Department of Transportation,Office of the Secretary of Tranportation (OST) Procurement Operations,Increase Scientific Research and Knowledge,S1
20.106,"Airport Improvement Program, Infrastructure Investment and Jobs Act Programs, and COVID-19 Airports Programs",FY24,Department of Transportation,Federal Aviation Administration (FAA),Increase Aviation Safety,T4
20.108,Aviation Research Grants,FY24,Department of Transportation,Federal Aviation Administration (FAA),Accelerate Development of Commercial Products and Technologies,B5
20.109,Air Transportation Centers of Excellence,FY24,Department of Transportation,Federal Aviation Administration (FAA),Accelerate Development of Commercial Products and Technologies,B5
20.111,Aircraft Pilots Workforce Development Grant Program,FY24,Department of Transportation,Federal Aviation Administration (FAA),Foster Workforce Skill Development,H7
20.112,Aviation Maintenance Technical Workforce Grant Program,FY24,Department of Transportation,Federal Aviation Administration (FAA),Foster Workforce Skill Development,H7
20.115,Fueling Aviation’s Sustainable Transition via Sustainable Aviation Fuels (FAST-SAF) and Low-Emissions Aviation Technologies (FAST-Tech) Grant,FY24,Department of Transportation,Federal Aviation Administration (FAA),Expand Domestic Energy Production,I2
20.2,Highway Research and Development Program,FY24,Department of Transportation,Federal Highway Administration (FHWA),End traffic-related Fatalities and Injuries,T8
20.205,Highway Planning and Construction,FY24,Department of Transportation,Federal Highway Administration (FHWA),Sustain Public Roadway System,T3
20.215,Highway Training and Education,FY24,Department of Transportation,Federal Highway Administration (FHWA),Sustain Public Roadway System,T3
20.218,Motor Carrier Safety Assistance ,FY24,Department of Transportation,Federal Motor Carrier Safety Administration,End traffic-related Fatalities and Injuries,T8
20.219,Recreational Trails Program,FY24,Department of Transportation,Federal Highway Administration (FHWA),Experience America's Natural Beauty and Public Landscapes,Q6
20.224,Federal Lands Access Program,FY24,Department of Transportation,Federal Highway Administration (FHWA),Experience America's Natural Beauty and Public Landscapes,Q6
20.231,Performance and Registration Information Systems Management,FY24,Department of Transportation,Federal Motor Carrier Safety Administration,End traffic-related Fatalities and Injuries,T8
20.232,Commercial Driver's License Program Implementation Grant,FY24,Department of Transportation,Federal Motor Carrier Safety Administration,End traffic-related Fatalities and Injuries,T8
20.233,Border Enforcement Grants,FY24,Department of Transportation,Federal Motor Carrier Safety Administration,End traffic-related Fatalities and Injuries,T8
20.234,Safety Data Improvement Program,FY24,Department of Transportation,Federal Motor Carrier Safety Administration,End traffic-related Fatalities and Injuries,T8
20.235,Commercial Motor Vehicle Operator Safety Training Grants ,FY24,Department of Transportation,Federal Motor Carrier Safety Administration,End traffic-related Fatalities and Injuries,T8
20.237,Motor Carrier Safety Assistance High Priority Activities Grants and Cooperative Agreements,FY24,Department of Transportation,Federal Motor Carrier Safety Administration,End traffic-related Fatalities and Injuries,T8
20.24,Fuel Tax Evasion-Intergovernmental Enforcement Effort,FY24,Department of Transportation,Federal Highway Administration (FHWA),Eliminate Crime,P4
20.243,Commercial Motor Vehicle Enforcement Training and Support,FY24,Department of Transportation,Federal Motor Carrier Safety Administration,End traffic-related Fatalities and Injuries,T8
20.301,Railroad Safety,FY24,Department of Transportation,Federal Railroad Administration (FRA),Improve Rail Transportation Networks,T2
20.314,Railroad Development,FY24,Department of Transportation,Federal Railroad Administration (FRA),Improve Rail Transportation Networks,T2
20.315,National Railroad Passenger Corporation Grants,FY24,Department of Transportation,Federal Railroad Administration (FRA),Improve Rail Transportation Networks,T2
20.316,Railroad Rehabilitation and Improvement Financing Program,FY24,Department of Transportation,Office of the Secretary of Tranportation (OST) Procurement Operations,Improve Rail Transportation Networks,T2
20.317,Capital Assistance to States - Intercity Passenger Rail Service,FY24,Department of Transportation,Federal Railroad Administration (FRA),Improve Rail Transportation Networks,T2
20.318,Maglev Project Selection Program - SAFETEA-LU,FY24,Department of Transportation,Federal Railroad Administration (FRA),Improve Rail Transportation Networks,T2
20.319,High-Speed Rail Corridors and Intercity Passenger Rail Service – Capital Assistance Grants,FY24,Department of Transportation,Federal Railroad Administration (FRA),Improve Rail Transportation Networks,T2
20.32,Rail Line Relocation and Improvement ,FY24,Department of Transportation,Federal Railroad Administration (FRA),Improve Rail Transportation Networks,T2
20.321,Railroad Safety Technology Grants,FY24,Department of Transportation,Federal Railroad Administration (FRA),Improve Rail Transportation Networks,T2
20.323,Fiscal Year 2013 Hurricane Sandy Disaster Relief Grants to the National Railroad Passenger Corporation,FY24,Department of Transportation,Federal Railroad Administration (FRA),Improve Direct Disaster and Emergency Relief,F1
20.324,Restoration and Enhancement,FY24,Department of Transportation,Federal Railroad Administration (FRA),Improve Rail Transportation Networks,T2
20.325,Consolidated Rail Infrastructure and Safety Improvements,FY24,Department of Transportation,Federal Railroad Administration (FRA),Improve Rail Transportation Networks,T2
20.326,Federal-State Partnership for Intercity Passenger Rail,FY24,Department of Transportation,Federal Railroad Administration (FRA),Improve Rail Transportation Networks,T2
20.327,Railroad Crossing Elimination,FY24,Department of Transportation,Federal Railroad Administration (FRA),Improve Rail Transportation Networks,T2
20.328,Interstate Rail Compacts,FY24,Department of Transportation,Federal Railroad Administration (FRA),Improve Rail Transportation Networks,T2
20.6,State and Community Highway Safety,FY24,Department of Transportation,National Highway Traffic Safety Administration (NHTSA),End traffic-related Fatalities and Injuries,T8
20.606,National Driver Register,FY24,Department of Transportation,National Highway Traffic Safety Administration (NHTSA),End traffic-related Fatalities and Injuries,T8
20.607,Alcohol Open Container Requirements,FY24,Department of Transportation,National Highway Traffic Safety Administration (NHTSA),End traffic-related Fatalities and Injuries,T8
20.608,Minimum Penalties for Repeat Offenders for Driving While Intoxicated,FY24,Department of Transportation,National Highway Traffic Safety Administration (NHTSA),End traffic-related Fatalities and Injuries,T8
20.614,National Highway Traffic Safety Administration (NHTSA) Discretionary Safety Grants and Cooperative Agreements ,FY24,Department of Transportation,National Highway Traffic Safety Administration (NHTSA),End traffic-related Fatalities and Injuries,T8
20.616,National Priority Safety Programs,FY24,Department of Transportation,National Highway Traffic Safety Administration (NHTSA),End traffic-related Fatalities and Injuries,T8
20.617,State Electronic Data Collection (SEDC) Program Grant,FY24,Department of Transportation,National Highway Traffic Safety Administration (NHTSA),End traffic-related Fatalities and Injuries,T8
20.618,Driver Alcohol Detection System for Safety,FY24,Department of Transportation,National Highway Traffic Safety Administration (NHTSA),End traffic-related Fatalities and Injuries,T8
20.619,Motor Vehicle Safety Research,FY24,Department of Transportation,National Highway Traffic Safety Administration (NHTSA),End traffic-related Fatalities and Injuries,T8
20.62,Behavioral Traffic Safety Cooperative Research,FY24,Department of Transportation,National Highway Traffic Safety Administration (NHTSA),End traffic-related Fatalities and Injuries,T8
20.621,State Process for Informing Consumers of Recalls,FY24,Department of Transportation,National Highway Traffic Safety Administration (NHTSA),End traffic-related Fatalities and Injuries,T8
20.701,University Transportation Centers Program,FY24,Department of Transportation,Office of the Secretary of Tranportation (OST) Procurement Operations,End traffic-related Fatalities and Injuries,T8
20.802,Federal Ship Financing Guarantees,FY24,Department of Transportation,Maritime Administration (MARAD),Provide Lending and Investment Opportunities,B1
20.806,State Maritime Schools,FY24,Department of Transportation,Maritime Administration (MARAD),"Increase Completion of STEM Degrees, Certificates, and Credentials",G11
20.807,U.S. Merchant Marine Academy,FY24,Department of Transportation,Maritime Administration (MARAD),"Increase Completion of STEM Degrees, Certificates, and Credentials",G11
20.808,Capital Construction Fund,FY24,Department of Transportation,Maritime Administration (MARAD),Provide Lending and Investment Opportunities,B1
20.812,Construction Reserve Fund,FY24,Department of Transportation,Maritime Administration (MARAD),Provide Lending and Investment Opportunities,B1
20.813,Maritime Security Fleet Program or Ship Operations Cooperation Program,FY24,Department of Transportation,Maritime Administration (MARAD),Strengthen Military Readiness,ND3
20.814,Assistance to Small Shipyards,FY24,Department of Transportation,Maritime Administration (MARAD),Provide Lending and Investment Opportunities,B1
20.816,United States Marine Highway Grants,FY24,Department of Transportation,Maritime Administration (MARAD),Improve Commercial Distribution Infrastructure,T1
20.819,Ballast Water Treatment Technologies,FY24,Department of Transportation,Maritime Administration (MARAD),Accelerate Development of Commercial Products and Technologies,B5
20.82,Maritime Studies and Innovations,FY24,Department of Transportation,Maritime Administration (MARAD),Accelerate Development of Commercial Products and Technologies,B5
20.821,Women on the Water (WOW),FY24,Department of Transportation,Maritime Administration (MARAD),Foster Workforce Skill Development,H7
20.823,Port Infrastructure Development Program,FY24,Department of Transportation,Maritime Administration (MARAD),Improve Commercial Distribution Infrastructure,T1
20.824,Cable Security Fleet Program,FY24,Department of Transportation,Maritime Administration (MARAD),Strengthen Military Readiness,ND3
20.825,Tanker Security Program,FY24,Department of Transportation,Maritime Administration (MARAD),Strengthen Military Readiness,ND3
20.909,Transportation Research and Technology Advancement,FY24,Department of Transportation,Office of the Secretary of Tranportation (OST) Procurement Operations,Sustain Public Roadway System,T3
20.931,"Transportation Planning, Research and Education",FY24,Department of Transportation,Office of the Secretary of Tranportation (OST) Procurement Operations,Sustain Public Roadway System,T3
20.934,Nationally Significant Freight and Highway Projects,FY24,Department of Transportation,Office of the Secretary of Tranportation (OST) Procurement Operations,Improve Commercial Distribution Infrastructure,T1
20.936,Transportation Demonstration Program,FY24,Department of Transportation,Office of the Secretary of Tranportation (OST) Procurement Operations,Improve Commercial Distribution Infrastructure,T1
20.938,Rural Surface Transportation Grant Program,FY24,Department of Transportation,Office of the Secretary of Tranportation (OST) Procurement Operations,Sustain Public Roadway System,T3
20.939,Safe Streets and Roads for All,FY24,Department of Transportation,Office of the Secretary of Tranportation (OST) Procurement Operations,End traffic-related Fatalities and Injuries,T8
20.941,Strengthening Mobility and Revolutionizing Transportation (SMART) Grants Program,FY24,Department of Transportation,Office of the Secretary of Tranportation (OST) Procurement Operations,End traffic-related Fatalities and Injuries,T8
20.942,Thriving Communities Program Capacity Builders Cooperative Agreements,FY24,Department of Transportation,Office of the Secretary of Tranportation (OST) Procurement Operations,End traffic-related Fatalities and Injuries,T8
20.944,Autonomous Vehicle Research in Rural Communities Program,FY24,Department of Transportation,Office of the Secretary of Tranportation (OST) Procurement Operations,End traffic-related Fatalities and Injuries,T8
20.948,MOBILITY EQUITY RESEARCH INITIATIVE,FY24,Department of Transportation,Office of the Secretary of Tranportation (OST) Procurement Operations,Sustain Public Roadway System,T3
20.95,Bridge and Other Transportation Infrastructure Research Program,FY24,Department of Transportation,Office of the Secretary of Tranportation (OST) Procurement Operations,Accelerate Development of Commercial Products and Technologies,B5
20.505,Metropolitan Transportation Planning and State and Non-Metropolitan Planning and Research ,FY24,Department of Transportation,Federal Transit Administration (FTA),Sustain Public Roadway System,T3
20.509,Formula Grants for Rural Areas and Tribal Transit Program,FY24,Department of Transportation,Federal Transit Administration (FTA),Sustain Public Roadway System,T3
20.513,Enhanced Mobility of Seniors and Individuals with Disabilities ,FY24,Department of Transportation,Federal Transit Administration (FTA),Sustain Public Roadway System,T3
20.516,Job Access and Reverse Commute Program,FY24,Department of Transportation,Federal Transit Administration (FTA),Sustain Public Roadway System,T3
20.519,Clean Fuels,FY24,Department of Transportation,Federal Transit Administration (FTA),Sustain Public Roadway System,T3
20.521,New Freedom Program,FY24,Department of Transportation,Federal Transit Administration (FTA),Sustain Public Roadway System,T3
20.525,State of Good Repair Grants Program,FY24,Department of Transportation,Federal Transit Administration (FTA),Increase Safety of Public Transit,T7
20.526,"Buses and Bus Facilities Formula, Competitive, and Low or No Emissions Programs",FY24,Department of Transportation,Federal Transit Administration (FTA),Sustain Public Roadway System,T3
20.527,Public Transportation Emergency Relief Program,FY24,Department of Transportation,Federal Transit Administration (FTA),Improve Direct Disaster and Emergency Relief,F1
20.529,Bus Testing,FY24,Department of Transportation,Federal Transit Administration (FTA),Sustain Public Roadway System,T3
20.53,Public Transportation Innovation,FY24,Department of Transportation,Federal Transit Administration (FTA),Sustain Public Roadway System,T3
20.531,Technical Assistance and Workforce Development,FY24,Department of Transportation,Federal Transit Administration (FTA),Sustain Public Roadway System,T3
20.533,All Stations Accessibility Program,FY24,Department of Transportation,Federal Transit Administration (FTA),Sustain Public Roadway System,T3
20.534,Community Project Funding Congressionally Directed Spending,FY24,Department of Transportation,Federal Transit Administration (FTA),Sustain Public Roadway System,T3
20.7,Pipeline Safety Program State Base Grant ,FY24,Department of Transportation,Pipeline and Hazardous Materials Safety Administration,Reduce Environmental Hazards,J3
20.703,Interagency Hazardous Materials Public Sector Training and Planning Grants,FY24,Department of Transportation,Pipeline and Hazardous Materials Safety Administration,Reduce Environmental Hazards,J3
20.706,Pipeline Emergency Response Grant (PERG),FY24,Department of Transportation,Pipeline and Hazardous Materials Safety Administration,Reduce Environmental Hazards,J3
20.707,Hazardous Materials State Inspection (HMSI) Grant,FY24,Department of Transportation,Pipeline and Hazardous Materials Safety Administration,Reduce Environmental Hazards,J3
20.708,Natural Gas Distribution Infrastructure Safety and Modernization Grant Program,FY24,Department of Transportation,Pipeline and Hazardous Materials Safety Administration,Increase Energy Reliability and Stability (Infrastructure),I4
20.71,Technical Assistance Grants,FY24,Department of Transportation,Pipeline and Hazardous Materials Safety Administration,Reduce Environmental Hazards,J3
20.72,State Damage Prevention Program Grants,FY24,Department of Transportation,Pipeline and Hazardous Materials Safety Administration,Reduce Environmental Hazards,J3
20.721,PHMSA Pipeline Safety Program One Call Grant,FY24,Department of Transportation,Pipeline and Hazardous Materials Safety Administration,Reduce Environmental Hazards,J3
20.723,PHMSA Pipeline Safety Research and Development “Other Transaction Agreements”,FY24,Department of Transportation,Pipeline and Hazardous Materials Safety Administration,Reduce Environmental Hazards,J3
20.724,Pipeline Safety Research Competitive Academic Agreement Program (CAAP) ,FY24,Department of Transportation,Pipeline and Hazardous Materials Safety Administration,Strengthen Environmental Research,J1
20.725,PHMSA Pipeline Safety Underground Natural Gas Storage Grant ,FY24,Department of Transportation,Pipeline and Hazardous Materials Safety Administration,Reduce Environmental Hazards,J3
